carBrand,carModel,carType,problemCode,problemCodeproblemCode,problemDatetime,problemDescription,problemId,problemStatus
奇瑞汽车,艾瑞泽5,2016款 1.5L 手动 领臻版,"H103,",,2021-02-05,奇瑞艾瑞泽5安全气囊故障灯常亮,570638,信息审核
广汽丰田,凯美瑞,2015款 2.0G 自动 领先版,"H169,",,2021-02-05,广汽丰田凯美瑞主驾驶座椅靠背调节异响,570626,信息审核
上汽大众,Polo,2014款 1.4L 手动 风尚版,"I293,K307,",,2021-02-05,上汽大众Polo 4S店虚报维修价格 服务态度差,570624,信息审核
奇瑞汽车,瑞虎8,2019款 1.6TGDI 自动 豪华型,"H110,",,2021-02-05,奇瑞瑞虎8无法启动需要换电器盒总成,570621,信息审核
上汽通用五菱,宝骏360,2021款 1.5L 手动 精英型,"H109,H30,",,2021-02-05,上汽通用五菱宝骏360排气管漏水生锈,570618,信息审核
东风日产,劲客,2017款 1.5L CVT 酷享版,"D59,",,2021-02-05,东风日产劲客方向盘转向出现异响,570617,信息审核
广汽本田,雅阁,2021款 260TURBO 豪华·星空限量版,"M279,",,2021-02-05,广汽本田雅阁限量版车标颜色宣传不符,570615,信息审核
奇瑞汽车,瑞虎8 PLUS,2021款 290TGDI DCT 豪耀版,"A34,",,2021-02-05,奇瑞瑞虎8 PLUS更换凸轮轴电磁阀无法解决,570614,信息审核
广汽丰田,YARiS L 致享,2019款 1.5E CVT魅动版 国VI,"D154,",,2021-02-05,广汽丰田致享方向盘不回正希望处理,570612,信息审核
一汽-大众奥迪,奥迪A4L,2020款 40 TFSI 时尚动感型,"H134,",,2021-02-05,一汽大众奥迪A4L中控显示屏死机黑屏,570611,信息审核
广汽丰田,雷凌,2021款 双擎 1.8H E-CVT 豪华版,"A339,A13,H134,H89,I294,",,2021-02-05,广汽丰田雷凌机油增多乳化天窗中控屏异响,570610,信息审核
比亚迪,比亚迪G5,2014款 1.5TID 自动 旗舰型,"A44,E29,H170,",,2021-02-05,比亚迪G5发动机无法启动 刹车失灵,570603,用户评分
广汽丰田,雷凌,2021款 双擎 1.8H E-CVT 豪华版,"H89,",,2021-02-05,广汽丰田雷凌不平路面行驶时天窗异响,570602,信息审核
东风日产,轩逸,2020款 1.6L XL CVT 悦享版,"D59,G52,H134,H72,H93,",,2021-02-05,东风日产轩逸方向盘异响 中控黑屏 影像蓝屏,570601,信息审核
江淮汽车,嘉悦A5,2020款 1.5T CVT 超越型,"A38,B19,H168,H50,",,2021-02-05,江淮嘉悦A5发动机异响 变速箱顿挫 部件开裂,570599,处理反馈
东风日产,逍客,2017款 2.0L CVT 智享版 国VI,"A34,B334,",,2021-02-05,东风日产逍客发动机故障灯亮 无法加速,570598,信息审核
奇瑞汽车,瑞虎8,2020款 1.5TCI 自动 特供版 5座,"D80,D156,H93,",,2021-02-05,奇瑞瑞虎8中控异响 方向盘共振左轻右重,570597,信息审核
上汽大众,辉昂,2019款 380TSI 两驱 商务版 国V,"A24,B33,B19,",,2021-02-05,大众辉昂行驶时变速箱顿挫异响 发动机抖动,570595,处理反馈
广汽本田,飞度,2014款 1.5L CVT LX舒适型,"A44,",,2021-02-05,广汽本田飞度启动机故障导致启动困难,570593,信息审核
奇瑞汽车,奇瑞E5,2011款 1.5 手动 优悦型 E5,"A255,H81,H78,",,2021-02-05,奇瑞E5漆面掉漆供油不足导致无法加速,570590,厂家受理
一汽-大众,探岳,2019款 征途版 280TSI 两驱 豪华型 国Ⅵ,"H82,",,2021-02-05,一汽大众探岳大灯水雾影响行车安全,570586,信息审核
一汽-大众,迈腾,2018款 330TSI DSG 豪华型,"B20,B96,",,2021-02-05,一汽大众迈腾变速箱无奇数挡仪表盘故障报警,570584,信息审核
东风日产,天籁,2021款 2.0L XL 舒适版,"H72,",,2021-02-05,东风日产天籁行驶过程中车门有异响,570582,信息审核
一汽-大众,高尔夫,2021款 280TSI DSG R-Line,"N317,",,2021-02-05,一汽大众高尔夫螺丝孔有瑕疵无法安装车牌,570580,信息审核
一汽丰田,锐志,2007款 2.5V 导航版 新锐志REIZ,"H176,",,2021-02-05,一汽丰田锐志中控仪表台开裂老化,570578,信息审核
一汽-大众,高尔夫,2017款 1.6L 自动 舒适百万辆纪念版,"H147,",,2021-02-05,一汽大众高尔夫加满油低速踩刹车油箱异响,570576,信息审核
长安福特,锐际,2020款 EcoBoost 245 四驱 纵享款 ST-LINE,"J300,",,2021-02-05,长安福特锐际经销商喷漆色差明显,570575,厂家受理
江铃汽车,驭胜S350,2016款 2.4T 自动 两驱 柴油 豪华版 5座,"B33,",,2021-02-05,江铃驭胜S350变速箱换挡时有异响,570571,信息审核
一汽奔腾,奔腾T77,2020款 PRO 280 TID 自动 尊享型,"H146,",,2021-02-05,一汽奔腾T77电瓶亏电导致无法启动,570569,厂家受理
东风雪铁龙,雪铁龙C3-XR,2015款 1.6THP 自动 先锋型 5座,"A63,",,2021-02-05,东风雪铁龙C3-XR发动机严重烧机油,570568,信息审核
长安福特,翼虎,2018款 EcoBoost 180 两驱 豪翼型,"A191,",,2021-02-05,长安福特翼虎防冻液异常消耗希望处理,570563,厂家受理
江淮汽车,嘉悦A5,2020款 1.5T CVT 梦想型,"A9,A38,",,2021-02-05,江淮嘉悦A5低速行驶时发动机噪音过大,570562,处理反馈
上汽大众,桑塔纳,2021款 1.5L 手动 风尚版,"O353,",,2021-02-05,上汽大众桑塔纳购车后不给保养手册,570560,处理反馈
一汽-大众,宝来,2019款 改款 1.5L 自动 舒适型 国VI,"E43,",,2021-02-05,一汽大众宝来倒车时踩刹车严重异响,570558,处理反馈
东风日产,轩逸,2020款 改款 1.6L XL CVT 悦享版,"A14,B334,D156,",,2021-02-05,东风日产轩逸变速箱失速 方向盘故障灯亮,570557,信息审核
江汽集团,思皓X8,2021款 300T DCT 全景豪华版 6座,"L313,",,2021-02-05,江淮思皓X8购车时置换补贴未兑现,570556,信息审核
上汽通用五菱,宝骏310W,2017款 1.5L 手动 时尚型 国VI,"H55,",,2021-02-05,宝骏310W行驶时出现交通事故气囊未弹开,570555,信息审核
广汽乘用车,传祺GS3,2017款 150N 自动 精英版,"A34,H234,",,2021-02-05,广汽传祺GS3爆震传感器故障发动机故障灯亮,570554,信息审核
广汽三菱,欧蓝德,2020款 2.0L 两驱 畅享版 5座,"M284,",,2021-02-05,广汽三菱欧蓝德4S店销售维修过的问题车,570553,厂家受理
吉利汽车,吉利ICON,2020款 1.5TD i9,"K307,N317,",,2021-02-05,吉利ICON销售人员赠送车膜质量太差,570546,信息审核
BEIJING汽车,绅宝X35,2016款 1.5L 自动 精英版,"O353,",,2021-02-05,北汽绅宝X35车辆登记证书缺失无法解压,570545,信息审核
上汽大众斯柯达,柯迪亚克,2018款 TSI330 两驱 豪华优享版 7座 改款,"E43,",,2021-02-05,斯柯达柯迪亚克刹车系统存在异响现象,570544,处理反馈
东风悦达起亚,智跑,2019款 2.0L 自动 智享豪华版,"F186,I295,",,2021-02-05,东风悦达起亚智跑锦湖轮胎脱皮4S店不予处理,570543,信息审核
华晨宝马,宝马1系,2021款 125i M运动曜夜版,"H155,I293,",,2021-02-05,华晨宝马1系车联网APP数据无法更新,570541,信息审核
长安福特,锐际,2020款 EcoBoost 245 四驱 嘉享款,"A9,",,2021-02-05,长安福特锐际发动机舱内有异响要求处理,570534,处理反馈
广汽本田,皓影,2020款 240TURBO CVT 两驱 豪华版,"Q322,",,2021-02-05,广汽本田皓影油管损坏需要更换油箱,570529,处理反馈
北京现代,领动,2016款 1.6L 自动 智炫·精英型,"D123,",,2021-02-05,北京现代领动跑高低速时岀现方向卡滞,570525,信息审核
东风日产,劲客,2021款 1.5L XE 手动 酷动版,"A9,",,2021-02-05,东风日产劲客加速时发动机舱异响,570523,信息审核
东风标致,标致408,2015款 1.2T 自动 豪华版,"A63,",,2021-02-05,东风标致408召回更换正时皮带后烧机油,570522,用户评分
东风本田,本田CR-V,2021款 240TURBO CVT 四驱 豪华版,"L313,",,2021-02-05,东风本田CR-V按装行车记录仪与承诺不符,570521,信息审核
奔驰（进口）,奔驰E级（进口）,2018款 E 200 敞篷轿跑车,"B27,H134,H170,H220,",,2021-02-05,进口奔驰E级尾灯开裂 变速箱跳挡,570517,厂家受理
上汽通用五菱,五菱宏光,2019款 1.5L S 基本型 L2B,"N319,",,2021-02-05,上汽通用五菱宏光中控系统是非原厂配件,570514,信息审核
广汽乘用车,传祺GA6,2016款 235T DCT 豪华版,"B33,B19,B334,",,2021-02-05,广汽传祺GA6低速行驶变速箱换挡顿挫,570512,处理反馈
东风雪铁龙,雪铁龙C6,2017款 380THP 尊贵型,"K307,",,2021-02-05,东风雪铁龙C6测距雷达故障 店方要收费调试,570511,处理反馈
一汽-大众,探岳,2019款 330TSI 两驱 豪华型 国V,"A191,",,2021-02-05,一汽大众探岳出现防冻液消耗过快,570510,信息审核
众泰汽车,众泰Z500,2015款 1.5T 手动 尊贵型,"N318,",,2021-02-05,众泰Z500质保期内厂家无配件索赔,570507,信息审核
上汽大众,朗行,2013款 1.4TSI 自动 豪华型,"H185,",,2021-02-05,上汽大众朗行车内异味严重影响身体健康,570505,处理反馈
吉利汽车,缤越,2020款 PRO 260T DCT 骑士,"D80,",,2021-02-05,吉利缤越转速1300-1800转区间方向盘振动,570503,处理反馈
一汽-大众,探岳,2019款 330TSI 两驱 豪华型 国V,"B69,",,2021-02-05,一汽大众探岳变速箱拖挡导致车身抖动,570502,信息审核
一汽-大众,C-TREK蔚领,2017款 1.6L 自动 舒适型,"H90,",,2021-02-05,一汽大众蔚领天窗严重漏水造成内饰有水渍,570500,处理反馈
东风标致,标致308,2014款 乐享版 经典 1.6L 手动 优尚型,"H78,H271,",,2021-02-05,东风标致308油泵变形导致油表显示不准确,570499,处理反馈
一汽丰田,RAV4荣放,2020款 2.5L CVT 两驱 精英版 双擎,"H101,",,2021-02-05,一汽丰田RAV4荣放空调出风口经常异响,570496,信息审核
东风风行,景逸X5,2017款 1.5T CVT 智联型 劲享系列,"A12,B33,H21,",,2021-02-05,东风风行景逸X5发动机漏油 变速箱异响,570494,信息审核
一汽-大众,迈腾,2019款 330TSI DSG 领先型 国VI,"A9,B33,B19,",,2021-02-05,一汽大众迈腾变速箱异响顿挫存在质量问题,570489,处理反馈
上汽大众,凌渡,2021款 280TSI DSG 舒适版,"L313,",,2021-02-05,上汽大众凌渡厂家置换补贴承诺4S店不兑现,570483,处理反馈
领克,领克05,2020款 2.0TD 四驱 劲Halo,"H268,H164,",,2021-02-05,领克05内饰异响 方向盘与踏板共振,570482,用户评分
奇瑞汽车,艾瑞泽5,2020款 1.5L CVT 运动版,"H49,",,2021-02-05,奇瑞艾瑞泽5无操作情况下发动机自行启动,570481,处理反馈
一汽-大众,探岳,2020款 330TSI 两驱 豪华智联版,"H82,",,2021-02-05,一汽大众探岳右大灯透镜发白越来越严重,570479,处理反馈
观致汽车,观致7,2020款 1.8T 巡航豪华型,"B96,E43,O326,",,2021-02-05,观致7变速箱故障 自动驻车故障  刹车异响,570478,信息审核
一汽丰田,RAV4荣放,2020款 2.0L CVT 两驱 风尚版,"H72,H268,H93,",,2021-02-05,一汽丰田RAV4荣放车窗玻璃共振 中控异响,570476,信息审核
长安福特,锐界,2020款 EcoBoost 245 两驱 豪锐型 7座,"B33,H147,",,2021-02-05,福特锐界行驶时加速油门异响 汽油箱异响,570474,厂家受理
长安福特,翼搏,2013款 1.5 自动 尊贵型,"B77,Q322,",,2021-02-05,长安福特翼搏变速箱拨叉存在设计缺陷,570473,用户评分
东风本田,本田CR-V,2021款 锐·混动 2.0L 两驱 净行版,"H68,H147,",,2021-02-05,东风本田CR-V颠簸路行驶汽油箱和后备箱异响,570468,信息审核
东风标致,标致408,2016款 1.6T 自动 豪华版,"A9,",,2021-02-05,东风标致408冷车启动时发动机异响,570466,信息审核
特斯拉中国,Model Y,2021款 长续航 全轮驱动版,"H101,H340,",,2021-02-05,特斯拉Model Y空调不制热 充电时自动断电,570464,信息审核
上汽大众斯柯达,柯迪亚克,2020款 TSI330 两驱 豪华优享版 5座,"A35,",,2021-02-05,斯柯达柯迪亚克发动机怠速运转时不稳,570463,信息审核
上汽大众,凌渡,2019款 280TSI DSG 舒适版 国V,"E43,",,2021-02-05,上汽大众凌渡刹车时有异响4S店否认质量问题,570462,处理反馈
东风标致,标致408,2014款 1.8L 自动 豪华版,"H271,",,2021-02-05,标致408油箱阀密封不严导致汽油回流,570461,信息审核
北京汽车,威旺S50,2016款 1.5T 手动 乐动豪华型,"H40,",,2021-02-05,北汽威旺S50车辆停放时发生自燃厂家不处理,570459,处理反馈
一汽-大众,迈腾,2020款 330TSI DSG 领先型,"B33,",,2021-02-05,一汽大众迈腾飞轮故障导致变速箱异响,570458,信息审核
BEIJING汽车,BEIJING-X7,2020款 1.5TD DCT 致领版,"A12,",,2021-02-05,BEIJING-X7发动机曲轴前油封处有漏油的现象,570455,信息审核
东风本田,本田CR-V,2017款 240TURBO 自动 四驱 尊耀版,"H134,",,2021-02-05,东风本田CR-V抬头显示盖板不回位厂家不保修	,570453,信息审核
吉利汽车,帝豪GL,2018款 1.4T 自动 尊贵智联型,"A9,B33,B95,H15,",,2021-02-05,吉利帝豪GL变速箱异响抖动车身异响,570452,处理反馈
吉利新能源,星越新能源,2019款 400T 驭星者 纯电动续航80KM,"A24,H185,H101,H170,",,2021-02-05,吉利星越新能源辅助驾驶故障 发动机抖动 ,570446,信息审核
奇瑞新能源,瑞虎3xe,2018款 480 畅优版,"H101,H146,I297,",,2021-02-05,奇瑞瑞虎3xe电瓶进水 空调漏水 厂家不保修,570445,厂家受理
一汽-大众奥迪,奥迪A6L,2016款 TFSI 双离合 技术型,"A37,H234,",,2021-02-05,奥迪A6L节温器故障导致漏防冻液,570441,信息审核
奇瑞汽车,捷途X70 PLUS,2021款 1.6T DCT 地 5座,"H82,",,2021-02-04,捷途X70 PLUS车门警示灯不亮 前大灯不亮,570439,信息审核
奇瑞新能源,瑞虎e,2021款 虎啸版,"H343,",,2021-02-04,奇瑞瑞虎e行驶时经常出现动力切断故障,570438,信息审核
广汽本田,缤智,2015款 1.5L CVT 两驱舒适型,"A9,",,2021-02-04,广汽本田缤智冷启动发动机VTC作用器异响,570436,处理反馈
东风日产,骐达TIIDA,2011款 1.6 CVT 智能版 新骐达,"B19,",,2021-02-04,东风日产骐达TIIDA变速箱换挡顿挫,570435,信息审核
广汽丰田,凯美瑞,2007款 240G 豪华版,"H176,H164,",,2021-02-04,广汽丰田凯美瑞仪表台老化粘手异味严重,570434,信息审核
上汽大众,途观L,2020款 330TSI 自动 两驱 全景舒适版 国VI,"A85,H263,",,2021-02-04,上汽大众途观L发动机起停失灵 油耗增加,570432,处理反馈
东风日产,阳光,2016款 1.5XE 手动 领先版,"B33,H202,",,2021-02-04,东风日产阳光变速器异响 油表显示不准确,570430,信息审核
东风雪铁龙,雪铁龙C4L,2013款 1.8L 自动 劲智版,"D59,D265,",,2021-02-04,东风雪铁龙C4L方向机转向异响要求解决,570428,处理反馈
雷克萨斯,雷克萨斯LS,2006款 460L  自动  尊贵版,"H176,",,2021-02-04,雷克萨斯LS中控仪表台开裂发粘有异味	,570426,厂家受理
东风日产,天籁,2020款 2.0L XL 舒适版,"H147,",,2021-02-04,东风日产天籁加满油后刹车时汽油箱异响,570425,信息审核
吉利汽车,缤越,2020款 PRO 240T DCT 猎手,"E43,",,2021-02-04,吉利缤越刹车时有异响4S店不予解决,570424,处理反馈
吉利汽车,嘉际,2019款 1.5TD MHEV DCT 臻享型,"L313,",,2021-02-04,吉利嘉际购车旅游基金承诺一直没有兑现,570423,信息审核
奔驰（进口）,奔驰GLE,2018款 GLE 320 4MATIC 动感型 臻藏版,"A14,A44,D291,H134,H211,",,2021-02-04,进口奔驰GLE转向系统故障 中控屏黑屏,570422,信息审核
BEIJING汽车,绅宝D50,2018款 1.5L CVT 尊享智联版,"E62,E159,I297,",,2021-02-04,绅宝D50电子驻车系统故障报警4S店不予保修,570419,处理反馈
一汽-大众奥迪,奥迪Q5,2015款 40 TFSI 舒适型 5座,"A12,A63,A37,",,2021-02-04,一汽大众奥迪Q5发动机漏油烧机油 漏冷却液,570417,信息审核
奇瑞汽车,捷途X70S,2019款 1.5T DCT 坦途版 5座,"A24,A163,",,2021-02-04,捷途X70S发动机故障 功率不足 剧烈抖动,570415,处理反馈
江铃福特,领界,2019款 EcoBoost 145 CVT 精领型 国VI,"B22,J298,",,2021-02-04,江铃福特领界变速箱漏油维修多次无法解决,570414,用户评分
上汽大众,凌渡,2018款 230TSI 手动 风尚版,"C65,G52,",,2021-02-04,上汽大众凌渡离合器异响 减震器异响,570413,用户评分
长安马自达,马自达3 昂克赛拉,2016款 1.5L 手动 豪华型 三厢,"E43,G52,",,2021-02-04,长安马自达昂克赛拉刹车异响 减震器异响,570412,处理反馈
东风本田,本田CR-V,2019款 240TURBO CVT 两驱 舒适版 国V,"L314,",,2021-02-04,东风本田CR-V事故维修垫付款售后未退还,570411,信息审核
广汽丰田,雷凌,2021款 185T CVT 豪华版,"B19,",,2021-02-04,广汽丰田雷凌低速行驶时变速箱顿挫,570410,信息审核
华晨宝马,宝马1系,2020款 120i M运动套装,"E29,",,2021-02-04,华晨宝马1系刹车抱死希望厂家质保,570406,信息审核
比亚迪,比亚迪F0,2010款 尚酷爱国版 1.0 手动 悦酷型,"H79,",,2021-02-04,比亚迪F0车身侧裙和底盘出现生锈现象,570405,用户评分
上汽大众,桑塔纳,2016款 1.6L 手动 风尚版 三厢,"A34,A44,",,2021-02-04,上汽大众桑塔纳发动机启动困难故障灯亮,570401,处理反馈
一汽-大众,宝来,2019款 宝来·传奇 1.5L 手动 时尚型 国VI,"H203,",,2021-02-04,一汽大众宝来胎压监测报警维修多次未解决,570400,处理反馈
东风雪铁龙,雪铁龙C4L,2013款 1.6THP 自动 劲驰版,"D80,D265,",,2021-02-04,东风雪铁龙C4L方向盘管柱有松动现象,570394,处理反馈
东风标致,标致408,2014款 1.8L 自动 豪华版,"A63,G158,",,2021-02-04,标致408发动机严重烧机油 后桥异响,570393,处理反馈
奇瑞汽车,瑞虎8 PLUS,2021款 290TGDI DCT 豪享版,"E43,H68,",,2021-02-04,奇瑞瑞虎8 PLUS刹车异响后备箱无故弹起,570392,处理反馈
东风标致,标致408,2014款 1.8L 自动 豪华版,"A34,A63,",,2021-02-04,东风标致408发动机烧机油故障灯亮,570391,用户评分
上汽大众,凌渡,2019款 280TSI DSG 舒适版 国VI,"H89,",,2021-02-04,上汽大众凌渡天窗异响售后没有解决问题,570387,处理反馈
东风英菲尼迪,英菲尼迪Q50L,2015款 2.0T 自动 悦享版,"H185,H90,",,2021-02-04,英菲尼迪Q50L车内异味希望厂家处理,570386,信息审核
一汽-大众,探岳,2020款 330TSI 两驱 豪华智联版,"B246,B208,H211,",,2021-02-04,大众探岳变速箱脱挡共振 反光镜异响,570378,处理反馈
长城汽车,哈弗大狗,2021款 1.5T DCT 拉布拉多版,"H146,",,2021-02-04,哈弗大狗电瓶亏电导致发动机无法启动,570377,用户评分
一汽-大众,高尔夫,2017款 230TSI 自动 舒适百万辆纪念版,"B96,B77,B184,",,2021-02-04,一汽大众高尔夫变速箱换挡机构故障,570374,处理反馈
一汽-大众,速腾,2019款 280TSI DSG 豪华型 国V,"A9,H78,",,2021-02-04,一汽大众速腾高压油泵异响更换配件未解决,570373,处理反馈
东风标致,标致508,2021款 508L 400THP PureTech 驾控版,"A9,A34,A44,",,2021-02-04,东风标致508发动机无法启动而且故障灯亮,570369,用户评分
吉利汽车,帝豪GL,2018款 1.4T 自动 精英智联型,"B33,B96,B246,",,2021-02-04,吉利帝豪GL变速箱过热失速而且有异响,570366,处理反馈
北京现代,胜达,2013款 2.4L 自动 两驱 智能型 GLS,"H209,J303,",,2021-02-04,北京现代胜达4S店喷漆有划痕保险杠缝隙大,570365,信息审核
一汽-大众奥迪,奥迪Q5L,2020款 40 TFSI 荣享时尚型,"H110,",,2021-02-04,一汽大众奥迪Q5L多个故障灯同时报警希望处理,570363,信息审核
领克,领克03,2020款 2.0TD 自动 劲Pro版,"H169,I293,J299,",,2021-02-04,领克03事故维修后座椅挤压起皱服务差,570362,处理反馈
云度新能源,云度π1,2020款 Pro 远行版 乐派型,"D59,H185,H93,H343,",,2021-02-04,云度π1仪表台异响方向盘异响电池充电缓慢,570360,信息审核
BEIJING汽车,智行,2018款 1.5T CVT 新智版 国V,"H67,N318,",,2021-02-04,BEIJING汽车智行玻璃升降器有故障,570359,处理反馈
上汽大众,凌渡,2015款 280TSI 手动 舒适版,"H185,",,2021-02-04,上汽大众凌渡车内异味要求给予解决,570358,处理反馈
奇瑞捷豹路虎,捷豹XEL,2019款 2.0T 200PS 尊享版,"A12,A14,",,2021-02-04,奇瑞捷豹路虎XEL发动机熄火 发动机漏油,570356,处理反馈
长安福特,锐界,2020款 EcoBoost 245 两驱 豪锐型 7座,"H146,",,2021-02-04,长安福特锐界电瓶亏电导致无法启动,570355,处理反馈
华晨中华,中华V7,2019款 运动款 280T 自动 豪华型,"A24,A34,I297,",,2021-02-04,华晨中华V7发动机故障灯亮 4S店不予索赔,570352,信息审核
一汽-大众,迈腾,2017款 330TSI DSG 豪华型,"H119,",,2021-02-04,一汽大众迈腾遥控钥匙漏电希望解决,570351,处理反馈
上汽通用五菱,五菱宏光,2016款 1.5L 尊享型 S1 国V,"G245,",,2021-02-04,上汽通用五菱宏光前轮吃胎偏磨严重,570350,信息审核
北汽新能源,北汽新能源EC5,2019款 新风版,"H344,M283,",,2021-02-04,北汽新能源EC5续航里程不足希望处理,570347,处理反馈
BEIJING汽车,BEIJING-EU5,2018款 R550 智领版,"M284,",,2021-02-04,BEIJING-EU5新车车身顶部A柱大面积喷漆,570346,处理反馈
北京奔驰,奔驰E级,2019款 E 300L 运动豪华型,"D59,D265,",,2021-02-04,北京奔驰E级方向机异响厂家拒绝更换,570345,信息审核
广汽本田,广汽本田VE-1,2020款 舒适版,"H344,",,2021-02-04,广汽本田VE-1续航里程不足要求尽快处理,570344,厂家受理
斯巴鲁,森林人,2016款 2.0i 时尚导航版,"D59,G210,",,2021-02-04,斯巴鲁森林人方向机异响 三角臂故障,570343,信息审核
长安福特,锐界,2015款 2.7T GTDi 四驱 运动型,"A12,",,2021-02-04,长安福特锐界塑料油底壳出现漏油,570342,处理反馈
东风本田,哥瑞,2016款 1.5L CVT 舒适版,"A9,",,2021-02-04,东风本田哥瑞冷车启动异响存在质量问题,570341,处理反馈
一汽-大众,速腾,2018款 280TSI DSG熠动版,"A9,I295,",,2021-02-04,一汽大众速腾高压泵异响厂家不予解决,570339,处理反馈
一汽-大众,速腾,2018款 280TSI DSG熠动版,"G56,",,2021-02-04,一汽大众速腾颠簸路面行驶时底盘异响,570338,处理反馈
一汽奔腾,奔腾B30,2017款 1.6L 手动 舒适型,"H243,",,2021-02-04,一汽奔腾B30轮毂掉漆厂家未索赔,570337,厂家受理
上汽通用五菱,五菱宏光,2016款 1.5L 尊享型 S1 国V,"B33,B20,",,2021-02-04,上汽通用五菱宏光挂三挡打齿驻车时无法挂入,570336,信息审核
一汽-大众,探岳,2019款 330TSI 两驱 豪华型Plus 国VI,"B69,",,2021-02-04,一汽大众探岳变速箱拖挡导致车身共振抖动,570335,处理反馈
一汽丰田,锐志,2007款 2.5S 天窗版 锐志 REIZ,"H176,",,2021-02-04,一汽丰田锐志仪表台开裂 影响气囊弹出,570332,信息审核
上汽大众,途昂X,2020款 380TSI 四驱 豪华版,"G204,N318,",,2021-02-04,上汽大众途昂X前悬挂异响经销商无配件,570331,处理反馈
海马汽车,海马M3,2013款 1.5L 手动 精英型,"H103,",,2021-02-04,海马M3安全气囊故障灯亮一直未解决,570327,厂家受理
奇瑞汽车,瑞虎5x,2017款 1.5T 自动 精英型,"A85,",,2021-02-04,奇瑞瑞虎5x发动机实际油耗高希望解决,570325,处理反馈
上汽大众,途观L,2020款 330TSI 自动 两驱 智动豪华版 国VI,"A85,H263,J300,",,2021-02-04,上汽大众途观L事故维修后启停失灵油耗高,570324,处理反馈
长安马自达,马自达CX-5,2015款 2.5L 自动 四驱 尊贵型,"A12,",,2021-02-04,长安马自达CX-5发动机变速箱连接处漏机油,570323,处理反馈
东风悦达起亚,赛拉图,2012款 1.6L 手动 GL,"B33,",,2021-02-04,东风悦达起亚赛拉图变速箱异响严重,570321,处理反馈
一汽-大众,T-ROC探歌,2020款 280TSI DSG 两驱 舒适型,"A85,",,2021-02-04,一汽大众探歌新车油耗高希望厂家处理,570319,处理反馈
长城汽车,WEY P8,2018款 2.0T 旗舰型,"A255,A346,",,2021-02-04,WEY P8混合动力功能受限行驶时动力消失,570316,处理反馈
长安福特,锐际,2020款 EcoBoost 245 两驱 耀享款,"A24,",,2021-02-04,长安福特锐际新车发动机怠速抖动,570312,处理反馈
奇瑞汽车,艾瑞泽5,2017款 1.5L CVT 尊贵版,"H79,",,2021-02-04,奇瑞艾瑞泽5车门生锈维修后再次生锈,570311,处理反馈
奇瑞新能源,奇瑞QQ3EV,2014款 EV 运动版,"H343,I295,",,2021-02-04,奇瑞QQ3EV动力电池严重衰减厂家不予解决,570309,信息审核
吉利汽车,帝豪GL,2020款 1.4T CVT 豪华型,"B33,",,2021-02-04,吉利帝豪GL踩刹车或松刹车时变速箱有异响,570305,用户评分
一汽-大众奥迪,奥迪Q5L,2020款 改款 40 TFSI 荣享时尚型,"A12,B22,H93,",,2021-02-04,一汽大众奥迪Q5L发动机和变速箱连接处渗油,570303,信息审核
东风标致,标致308,2016款 1.6L 自动 豪华版,"A34,J300,",,2021-02-04,东风标致308保养过后提示发动机故障,570300,处理反馈
广汽本田,飞度,2016款 1.5L LX CVT 舒适型,"A9,",,2021-02-04,广汽本田飞度冷车启动异响希望尽快处理,570297,处理反馈
长安福特,锐界,2018款 EcoBoost 245 两驱 豪锐型 7座 国V,"A12,",,2021-02-04,长安福特锐界发动机漏机油希望尽快处理,570296,处理反馈
长城汽车,炮,2019款 2.0T 商用版 手动 两驱 精英型 长箱 GW4D20M 柴油,"A34,A44,",,2021-02-04,长城炮发动机故障灯报警 无法启动,570295,处理反馈
一汽-大众,宝来,2017款 230TSI DSG 舒适型,"A24,B334,",,2021-02-04,一汽大众宝来挂挡后无法行驶 发动机抖动,570293,处理反馈
一汽红旗,红旗H5,2020款 1.8T 自动 智联旗韵版,"H67,H68,",,2021-02-04,红旗H5后备箱自动开启 车窗自动下降,570291,信息审核
一汽丰田,卡罗拉,2017款 1.2T S-CVT GL 改款,"H72,",,2021-02-04,一汽丰田卡罗拉门窗异响售后未解决问题,570290,信息审核
广汽三菱,欧蓝德,2018款 2.4L 四驱 精英版 5座,"A24,H268,",,2021-02-04,广汽三菱欧蓝德发动机抖动 后排座椅共振,570289,厂家受理
比亚迪,比亚迪e2,2021款 升级版 标准续航版 标准型,"H343,H344,",,2021-02-04,比亚迪e2动力电池续航不足电量消耗大,570288,处理反馈
众泰汽车,江南T11,2015款 舒适型,"B33,",,2021-02-04,江南T11行驶中变速箱异响无人处理,570286,信息审核
长安福特,蒙迪欧,2013款 1.5T 自动 GTDi180时尚型,"A255,",,2021-02-04,长安福特蒙迪欧行驶中发动机失去动力,570281,处理反馈
东风标致,标致5008,2017款 380THP 精英版 7座,"A63,D59,G52,",,2021-02-04,东风标致5008发动机烧机油 转向异响,570280,处理反馈
长安汽车,长安欧尚X7,2021款 1.5T 自动 豪华型,"H82,",,2021-02-04,长安欧尚X7后备箱车灯不亮希望尽快处理,570278,厂家受理
东风本田,本田UR-V,2017款 370TURBO 两驱 尊贵版 国V,"H168,",,2021-02-04,东风本田UR-V转向拉杆断裂更换后再次断裂,570277,处理反馈
东风日产,轩逸,2020款 1.6L XL CVT 悦享版,"B20,",,2021-02-04,东风日产轩逸变速箱不换挡要求尽快解决,570275,处理反馈
奇瑞捷豹路虎,发现运动版,2020款 249PS R-Dynamic SE 性能科技版 7座,"G56,",,2021-02-04,奇瑞路虎发现运动版底盘变硬滤震效果变差,570272,处理反馈
一汽-大众奥迪,奥迪Q5L,2020款 45 TFSI 尊享运动型,"A24,B33,B19,",,2021-02-04,奥迪Q5L发动机抖动 变速箱顿挫异响,570271,信息审核
奇瑞新能源,小蚂蚁,2021款 15万蚁粉款 蚁潮版,"H343,",,2021-02-04,奇瑞小蚂蚁高压绝缘故障动力电池断电,570269,厂家受理
吉利汽车,缤越,2019款 260T DCT 骑士 国V,"L314,",,2021-02-04,吉利缤越厂家未履行车机系统更新承诺,570268,处理反馈
一汽丰田,RAV4荣放,2020款 2.0L CVT 两驱 风尚PLUS版,"H72,",,2021-02-04,一汽丰田RAV4荣放颠簸路面前车窗玻璃异响,570265,信息审核
上汽通用五菱,五菱宏光,2019款 1.5L S 基本型 L2B,"M283,",,2021-02-04,上汽通用五菱宏光经销商出售库存车,570263,用户评分
长安汽车,长安CS55,2017款 1.5T 手动 炫动型,"C87,",,2021-02-04,长安CS55一挡起步时车身抖动严重,570261,用户评分
东风日产,逍客,2016款 2.0L CVT 精英版,"B19,",,2021-02-04,东风日产逍客低速行驶变速箱顿挫,570259,处理反馈
东风雪铁龙,天逸 C5 AIRCROSS新能源,2020款 1.6T 四驱 插混尊享型,"H209,",,2021-02-04,雪铁龙天逸C5 AIRCROSS新能源中控屏缝隙大,570257,信息审核
北汽新能源,EV系列,2014款 E150 EV 科技版,"A341,I297,",,2021-02-04,北汽新能源EV动力丢失  厂家拒绝保修,570256,处理反馈
一汽-大众,探岳,2020款 330TSI 两驱 豪华智联版,"A24,",,2021-02-04,一汽大众探岳1000-1200转时发动机抖动,570254,用户评分
东风英菲尼迪,英菲尼迪Q50L,2018款 2.0T 进享版 国VI,"E43,E47,",,2021-02-04,英菲尼迪Q50L刹车片异常磨损频繁更换,570249,信息审核
东风本田,本田XR-V,2015款 1.5L LXi CVT经典版,"A9,",,2021-02-04,东风本田XR-V早上启动时发动机舱有异响,570247,用户评分
上汽大众,途观L,2020款 330TSI 自动 两驱 智动豪华版 国VI,"E43,E29,H263,",,2021-02-04,大众途观L发动机启停系统故障 刹车失灵异响,570246,处理反馈
奇瑞汽车,瑞虎8 PLUS,2021款 290TGDI DCT 豪享版,"H155,",,2021-02-04,奇瑞瑞虎8 PLUS车机系统无法读取U盘,570245,处理反馈
一汽马自达,马自达8,2015款 2.5L 至尊版,"A44,H31,",,2021-02-04,一汽马自达8排气管异响及起动机卡滞,570244,信息审核
一汽-大众,迈腾,2017款 280TSI DSG 舒适型,"B20,",,2021-02-04,一汽大众迈腾处于紧急运行模式无法挂倒挡,570242,用户评分
东风日产,骐达TIIDA,2019款 1.6L CVT 智尊版 国Ⅵ,"H79,I294,",,2021-02-04,东风日产骐达悬架生锈厂家没有回复,570236,厂家受理
北京现代,索纳塔,2020款 270TGDi GL DCT 领先版,"D59,",,2021-02-04,北京现代索纳塔转向异响希望厂家处理,570235,信息审核
东风日产,逍客,2017款 2.0L CVT 精英版 国Ⅵ,"D59,H134,J298,N318,",,2021-02-04,东风日产逍客转向异响换件未解决问题,570234,处理反馈
广汽本田,飞度,2016款 1.5L LX CVT 舒适型,"A9,A34,",,2021-02-04,广汽本田飞度发动机启动异响 故障报警,570229,处理反馈
北京现代,胜达,2020款 380 TGDi GLS 自动 两驱 豪华版,"H60,L313,",,2021-02-04,北京现代胜达雨刮胶条脱落 置换补贴未到账,570228,信息审核
奇瑞汽车,艾瑞泽5,2017款 1.5L CVT 豪华版,"G52,H79,",,2021-02-04,奇瑞艾瑞泽5车身不同程度生锈腐烂异响,570221,处理反馈
一汽奔腾,奔腾X40,2017款 1.6L 自动 尊享型,"A24,",,2021-02-04,一汽奔腾X40发动机4缸失火车身抖动,570217,处理反馈
一汽-大众,探岳,2019款 征途版 280TSI 两驱 豪华型 国Ⅵ,"H82,",,2021-02-04,一汽大众探岳车灯不亮 影响行车安全,570216,处理反馈
一汽-大众捷达,捷达VA3,2019款 1.5L 手动 进取版,"A34,E62,",,2021-02-04,捷达VA3发动机故障灯亮 制动系统故障灯亮,570215,处理反馈
奇瑞新能源,小蚂蚁,2021款 15万蚁粉款 蚁潮版,"H155,H344,M279,",,2021-02-04,奇瑞小蚂蚁远程启动和续航里程与宣传不符,570214,信息审核
一汽丰田,亚洲龙,2019款 双擎 2.5L XLE 尊贵版 国Ⅵ,"A339,",,2021-02-04,丰田亚洲龙发动机机油增多希望厂家处理,570212,信息审核
东风汽车,东风小霸王,轻型仓栅式货车,"E29,E74,",,2021-02-04,东风小霸王刹车时失灵 ABS故障灯亮,570211,信息审核
北京现代,途胜,2015款 1.6T   双离合 两驱 智能型,"A34,A160,",,2021-02-04,北京现代途胜发动机故障灯亮 提速无力,570210,信息审核
一汽奔腾,奔腾X40,2017款 1.6L 自动 豪华型,"A24,A136,",,2021-02-04,一汽奔腾X40发动机缺缸 三缸失火,570209,信息审核
一汽-大众奥迪,奥迪Q5,2017款 2.0T 40 TFSI 技术型,"A37,",,2021-02-04,一汽大众奥迪Q5水泵和节温器漏防冻液,570201,信息审核
猎豹汽车,猎豹CS10,2017款 2.0T 自动 豪华型,"B33,D59,H203,",,2021-02-04,猎豹CS10变速箱异响 转向异响 胎压监测故障,570200,信息审核
一汽-大众奥迪,奥迪Q3,2018款 30 TFSI 时尚型 30周年年型,"A9,",,2021-02-04,一汽大众奥迪Q3车辆起步时发动机异响,570199,信息审核
江铃福特,领界,2019款 EcoBoost 145 CVT 铂领型 国VI,"H168,H68,",,2021-02-03,江铃福特领界尾门开裂要求给予解决,570197,处理反馈
一汽吉林,森雅R7,2016款 1.6L 手动 豪华型,"A24,A34,N318,",,2021-02-03,一汽吉林森雅R7发动机故障报警经销商无配件,570196,信息审核
奇瑞汽车,捷途X70 PLUS,2021款 1.6T DCT 地 7座,"H82,",,2021-02-03,捷途X70 PLUS车灯照射距离近 不聚光,570195,处理反馈
上汽通用五菱,新宝骏RC-5,2020款 1.5T CVT 智耀尊享型,"H134,H155,H67,",,2021-02-03,新宝骏RC-5车机绿屏 360全景成像偏差,570194,处理反馈
一汽丰田,卡罗拉,2021款 1.2T S-CVT 先锋版,"B33,B19,",,2021-02-03,一汽丰田卡罗拉低速变速箱顿挫异响,570193,信息审核
吉利汽车,帝豪GL,2019款 1.4T CVT 精英智享版,"H15,",,2021-02-03,吉利帝豪GL车辆行驶时A柱出现异响,570192,处理反馈
广汽丰田,凯美瑞,2016款 2.5HG CVT 十周年纪念豪华导航版 双擎,"H168,",,2021-02-03,广汽丰田凯美瑞真皮方向盘破损脱落,570189,信息审核
北京奔驰,奔驰GLC,2020款 GLC 300 L 4MATIC 豪华型,"G171,",,2021-02-03,北京奔驰GLC减震器过硬影响舒适性,570188,信息审核
一汽-大众,探岳,2020款 330TSI 两驱 豪华智联版,"A85,H263,",,2021-02-03,一汽大众探岳自动启停失效 油耗增加,570183,处理反馈
一汽-大众奥迪,奥迪A4L,2020款 45 TFSI quattro 臻选致雅型,"I295,J303,",,2021-02-03,一汽大众奥迪A4L安装中网导致车辆受损,570182,信息审核
东风本田,本田CR-V,2018款 1.5T CVT 两驱 舒适版,"B334,",,2021-02-03,东风本田CR-V变速箱损坏行驶中动力消失,570168,处理反馈
华晨中华,中华V7,2018款 280T 手动 豪华型 5座,"A34,A44,B19,H119,",,2021-02-03,华晨中华V7发动机故障灯亮发动机无法启动,570167,信息审核
东风标致,标致307,2009款 两厢 1.6L 手动 爱乐版,"H75,",,2021-02-03,东风标致307召回后油箱有严重汽油味,570158,处理反馈
上汽大众斯柯达,柯米克,2020款 1.5L 自动 舒适版,"H113,I297,",,2021-02-03,斯柯达柯米克前挡风玻璃开裂4S店不索赔,570155,处理反馈
江淮汽车,瑞风S3,2016款 1.5L 手动 豪华智能型,"A34,H253,",,2021-02-03,江淮瑞风S3定速巡航失效 发动机故障灯亮,570154,用户评分
东风日产,蓝鸟,2016款 1.6L CVT 高能版,"M279,",,2021-02-03,东风日产蓝鸟油箱容积与厂家宣传不符,570152,用户评分
北京现代,领动,2016款 1.4T  双离合 炫动·活力型,"H79,",,2021-02-03,北京现代领动中网与门把手氧化生锈严重,570142,信息审核
比亚迪,比亚迪S6,2013款 劲悦版 2.0L 手动 精英型 5座,"H81,",,2021-02-03,比亚迪S6车身漆面起泡开裂希望处理,570140,处理反馈
一汽丰田,卡罗拉,2019款 1.2T S-CVT GL-i精英版,"G56,H170,",,2021-02-03,一汽丰田卡罗拉预碰撞系统故障倒车异响,570138,信息审核
福田汽车,祥菱M,2018款 1.5L M2非承载 单排 后双胎(厢式)DAM15L,"G56,G200,",,2021-02-03,福田祥菱M轮毂螺丝杆断裂底盘异响,570137,信息审核
东风日产,天籁,2020款 改款 2.0L XL 舒适版,"H147,",,2021-02-03,东风日产天籁油箱异响希望厂家处理,570135,处理反馈
广汽本田,冠道,2020款 370TURBO 四驱 尊享版,"A12,",,2021-02-03,广汽本田冠道首保后出现发动机漏油,570133,用户评分
一汽丰田,RAV4荣放,2020款 2.0L CVT 两驱 都市版,"H93,",,2021-02-03,一汽丰田RAV4荣放右侧A柱仪表台附近异响,570131,信息审核
一汽-大众,速腾,2021款 280TSI DSG 豪华智联版,"H72,",,2021-02-03,一汽大众速腾后车门关闭时有异响,570130,处理反馈
华晨宝马,宝马5系,2020款 530Li 领先型 M运动套装,"M284,",,2021-02-03,华晨宝马5系合格证二维码无法扫描,570129,信息审核
广汽本田,凌派,2019款 180Turbo CVT 舒适版 国VI,"A34,J298,",,2021-02-03,广汽本田凌派发动机故障灯亮多次维修未解决,570128,用户评分
一汽-大众,探岳,2020款 330TSI 两驱 豪华智联版,"H88,",,2021-02-03,一汽大众探岳大灯进水希望尽快处理,570127,处理反馈
东风本田,哥瑞,2016款 1.5L CVT 风尚版,"A9,",,2021-02-03,东风本田哥瑞发动机冷启动异响希望处理,570125,厂家受理
长安福特,金牛座,2019款 EcoBoost 245 尊享版,"G125,",,2021-02-03,长安福特金牛座打死方向车轮异响,570123,处理反馈
奇瑞汽车,瑞虎8,2019款 1.5TCI 手动 精英型,"H82,Q322,",,2021-02-03,奇瑞瑞虎8车灯盲区过大 倒车灯亮度不足,570121,用户评分
东风雪铁龙,雪铁龙C4L,2013款 1.6THP 自动 劲智版,"H78,",,2021-02-03,东风雪铁龙C4L高压油泵故障希望处理,570119,处理反馈
上汽集团,名爵5,2021款 180DVVT CVT 青春豪华版,"L313,",,2021-02-03,上汽名爵5官方淘宝直播活动不兑现,570118,处理反馈
广汽本田,缤智,2020款 1.5L CVT 豪华版,"H81,",,2021-02-03,广汽本田缤智左侧车门内侧有掉漆的现象,570117,处理反馈
一汽吉林,森雅R9,2018款 1.2T 自动 尊贵智悦型,"H23,",,2021-02-03,一汽森雅R9发动机防盗锁锁死 4S店无法打开,570116,信息审核
一汽-大众,探岳,2019款 330TSI 四驱 豪华型 国Ⅵ,"B69,B208,",,2021-02-03,一汽大众探岳行驶时拖挡导致共振,570111,用户评分
东风日产,逍客,2017款 2.0L CVT 智享版 国V,"F100,",,2021-02-03,东风日产逍客普利司通轮胎老化有裂纹,570109,处理反馈
一汽-大众奥迪,奥迪A6L,2018款 35 TFSI 双离合 运动型,"F10,",,2021-02-03,一汽大众奥迪A6L两后倍耐力轮胎磨损,570108,处理反馈
广汽丰田,凯美瑞,2016款 2.0G 自动 十周年纪念领先版,"G161,",,2021-02-03,广汽丰田凯美瑞前半轴防尘套漏油,570107,信息审核
星途,星途TX,2019款 TX 1.6T 四驱 铂金版,"H79,H146,",,2021-02-03,星途TX电池亏电严重导致空调无法启动,570099,信息审核
江西五十铃,铃拓,2020款 2.5T 两驱 手动 领航版 国VI JE4D25Q6A,"B95,",,2021-02-03,江西五十铃铃拓变速箱抖动希望厂家处理,570095,信息审核
一汽-大众,高尔夫,2017款 230TSI 自动 豪华百万辆纪念版,"N316,",,2021-02-03,一汽大众高尔夫4S店 更换配件以旧充新,570094,处理反馈
吉利汽车,缤越,2019款 260T DCT 游侠 国VI 运动款,"A34,I293,",,2021-02-03,吉利缤越发动机故障灯亮 服务态度蛮横,570093,处理反馈
江淮汽车,瑞风S2,2015款 1.5L CVT 豪华型,"B96,H170,",,2021-02-03,江淮瑞风S2行驶中TCU故障防侧滑报警,570092,处理反馈
一汽丰田,威驰,2019款 1.5L CVT 创行版,"A37,",,2021-02-03,一汽丰田威驰发动机冷却液渗漏希望厂家处理,570087,信息审核
广汽本田,凌派,2013款 1.8L 自动 舒适版,"K307,",,2021-02-03,广汽本田凌派4S店收取高额报价费,570086,处理反馈
东风日产,天籁,2020款 2.0L XL 舒适版,"H147,",,2021-02-03,东风日产天籁油箱行驶时异响希望更换,570082,处理反馈
北京奔驰,奔驰GLB,2020款 GLB 200 时尚型,"A34,H155,",,2021-02-03,奔驰GLB发动机故障灯亮 天窗开关异常,570078,处理反馈
DS汽车,DS6,2016款 1.6T 豪华版THP160,"H192,",,2021-02-03,DS6天窗无法完全关闭希望尽快处理,570074,信息审核
广汽本田,雅阁,2018款 260TURBO 精英版 国VI,"D59,D123,",,2021-02-03,广汽本田雅阁高速行驶时修正方向卡顿,570072,处理反馈
东风本田,本田UR-V,2017款 370TURBO 四驱 尊耀版 国V,"H168,I297,",,2021-02-03,东风本田UR-V进气格栅开裂厂家不予索赔,570069,处理反馈
庆铃汽车,巨咖,巨咖,"Q322,",,2021-02-03,庆铃巨咖原车未配备汽笛希望处理,570068,信息审核
奇瑞汽车,捷途X70,2020款 1.5T DCT 智行版 5座,"D59,G52,G162,",,2021-02-03,捷途X70减震器异响 转向异响 颠簸抖动,570066,处理反馈
东风本田,本田CR-V,2017款 240TURBO 自动 两驱 舒适版,"G245,",,2021-02-03,东风本田CR-V后轮胎吃胎异常磨损严重,570059,用户评分
宝马（进口）,宝马X7,2021款 xDrive40i 尊享型M运动套装,"H169,",,2021-02-03,进口宝马X7座椅出现白色斑痕影响美观,570058,信息审核
一汽-大众,探影,2020款 1.5L 自动 悦,"H110,H211,",,2021-02-03,一汽大众探影后视镜无法电动调节,570056,处理反馈
北京现代,途胜,2015款 1.6T   双离合 两驱 智能型,"H31,I297,",,2021-02-03,北京现代途胜行驶时排气管异响 不予索赔,570055,处理反馈
特斯拉中国,Model Y,2021款 长续航 全轮驱动版,"H101,",,2021-02-03,特斯拉Model Y热泵压缩机损坏空调不制热,570051,信息审核
上汽大众,途铠,2019款 1.5L 自动 舒适版,"I293,M280,",,2021-02-03,上汽大众途铠合同订购车型与实际车型不符,570050,处理反馈
东风日产,轩逸,2019款 1.6XV CVT 智联尊享版 国VI,"D59,H147,",,2021-02-03,东风日产轩逸加满油汽油箱异响 转向异响,570049,处理反馈
一汽奔腾,奔腾B50,2016款 1.6L 自动 舒适型,"H79,",,2021-02-03,一汽奔腾B50车身后轮上方生锈腐烂,570047,处理反馈
一汽-大众,探岳,2020款 330TSI 两驱 豪华智联版,"A85,A114,",,2021-02-03,一汽大众探岳冬季颗粒捕捉器堵塞油耗增加,570045,处理反馈
特斯拉中国,Model Y,2021款 长续航 全轮驱动版,"H101,I295,M279,",,2021-02-03,特斯拉Model Y空调压缩机故障 与宣传不符,570043,信息审核
东风悦达起亚,智跑,2018款 2.0L 自动 智享豪华版,"O354,",,2021-02-03,东风悦达起亚智跑贷款还清后未提供车钥匙,570042,处理反馈
一汽红旗,红旗HS5,2019款 2.0T 智联旗享四驱版,"A114,",,2021-02-03,红旗HS5启动后提示废气监控系统故障,570040,信息审核
一汽-大众,探岳,2020款 330TSI 两驱 豪华智联版,"A85,H82,",,2021-02-03,一汽大众探岳大灯透镜发白影响照明 油耗高,570038,处理反馈
广汽丰田,雷凌,2021款 185T CVT 运动版,"A255,",,2021-02-03,广汽丰田雷凌动力消失希望尽快处理,570037,信息审核
东风小康,东风小康C32,2018款 1.2L 改款 基本型 国V DK12,"G261,",,2021-02-03,东风小康C32行驶不到一年出现大梁断裂,570036,用户评分
一汽-大众奥迪,奥迪A3,2019款 Sportback 35 TFSI 进取型 国VI,"A63,",,2021-02-03,一汽大众奥迪A3发动机烧机油机油消耗异常,570034,信息审核
上汽大众,途观L,2020款 330TSI 自动 两驱 全景舒适版 国VI,"G117,H268,H144,",,2021-02-03,上汽大众途观L低速车身共振 方向跑偏,570032,用户评分
长安福特,翼虎,2018款 EcoBoost 180 两驱 铂翼型,"H185,",,2021-02-03,长安福特翼虎车内异味希望尽快处理,570028,处理反馈
东风日产,天籁,2021款 2.0L XL 舒适版,"G56,",,2021-02-03,东风日产天籁右转弯时踩油门加速有异响,570027,处理反馈
一汽-大众奥迪,奥迪A3,2016款 Limousine 1.4T 双离合 领英型,"B115,",,2021-02-03,一汽大众奥迪A3变速箱机电单元故障,570026,信息审核
一汽-大众奥迪,奥迪A4L,2016款 1.8T 自动 舒适型,"H40,",,2021-02-03,一汽大众奥迪A4L行驶时发动机舱发生自燃,570025,信息审核
DS汽车,DS 4S,2016款 1.2T 进取版THP130,"A191,A336,",,2021-02-03,长安标致雪铁龙DS 4S正时皮带掉,570023,信息审核
东风标致,标致408,2014款 1.8L 自动 领先版,"A34,",,2021-02-03,东风标致408发动机报故障码P0172,570022,处理反馈
一汽-大众,宝来,2018款 1.5L 手动 舒适型,"F100,",,2021-02-03,一汽大众宝来锦湖轮胎开裂要求解决,570020,处理反馈
长安福特,翼虎,2013款 1.6T  四驱精英型,"H147,",,2021-02-03,福特翼虎加油时汽油箱异响存在质量问题,570019,处理反馈
奇瑞汽车,艾瑞泽5,2016款 1.5L 手动 领跑版,"H79,",,2021-02-03,奇瑞艾瑞泽5车身底盘车门转向柱多处生锈,570016,处理反馈
北京现代,菲斯塔,2021款 280TGDi 精英版,"H168,",,2021-02-03,北京现代菲斯塔新车中控屏开裂厂家拒赔,570013,处理反馈
江淮汽车,嘉悦X7,2020款 1.5TGDI 自动 自由+,"A34,I297,",,2021-02-03,江淮嘉悦X7厂家质保期内拒绝维修发动机,570012,用户评分
吉利汽车,缤越,2020款 PRO 260T DCT Battle,"L313,L312,L311,",,2021-02-03,吉利缤越4S店销售承诺未兑现提不到车,570011,用户评分
一汽-大众奥迪,奥迪Q5L,2020款 45 TFSI 尊享时尚型,"H164,",,2021-02-03,奥迪Q5L新车车内异响影响正常驾驶,570005,信息审核
奇瑞汽车,艾瑞泽5,2017款 1.5L CVT 领潮版,"G52,J298,",,2021-02-03,奇瑞艾瑞泽5前减震器异响反复维修未解决,570004,处理反馈
一汽丰田,皇冠,2015款 2.0T 时尚版,"A53,",,2021-02-03,一汽丰田丰田皇冠发动机喷油嘴损坏,570002,信息审核
长安福特,蒙迪欧,2013款 1.5T 自动 GTDi180时尚型,"H54,",,2021-02-03,长安福特蒙迪欧三元催化器故障导致报警,569999,处理反馈
东风乘用车,风神A60,2016款 1.6L 自动 豪华型,"N318,",,2021-02-03,东风风神A60发动机电脑一直无配件,569996,厂家受理
奇瑞汽车,瑞虎8,2020款 290TGDI 自动 豪华版,"H209,",,2021-02-03,奇瑞瑞虎8车身不平整缝隙大制作工艺差,569995,用户评分
长安福特,翼虎,2015款 1.5L GTDi 四驱精英型 5座,"H271,",,2021-02-03,长安福特翼虎碳罐堵塞导致油箱有异响,569987,处理反馈
广汽本田,缤智,2015款 1.5L CVT 两驱舒适型,"A9,",,2021-02-03,广汽本田缤智天冷发动机启动时VTC异响,569983,处理反馈
东风标致,标致308S,2015款 1.2T 自动 劲驰版,"A63,",,2021-02-03,东风标致308S更换正时皮带后烧机油,569982,处理反馈
一汽-大众,迈腾,2019款 330TSI DSG 领先型 国V,"B20,",,2021-02-03,一汽大众迈腾变速箱故障无法挂入倒挡,569979,处理反馈
众泰汽车,云100,2014款 云100 舒适型,"H40,",,2021-02-03,众泰云100车辆质保期内发生自燃,569976,信息审核
东风标致,标致408,2015款 1.2T 自动 豪华版,"A63,J300,",,2021-02-03,东风标致408更换正时皮带后发动机烧机油,569973,处理反馈
广汽丰田,汉兰达,2015款 2.0T 四驱 豪华版 7座,"A9,A329,",,2021-02-03,广汽丰田汉兰达经销商保养后发动机拉缸,569968,信息审核
吉利汽车,帝豪GL,2020款 1.4T CVT 豪华型,"H68,",,2021-02-03,吉利帝豪GL后备箱无法关闭要求解决,569967,处理反馈
奇瑞汽车,奇瑞E3,2013款 1.5L 智尚型,"H79,",,2021-02-03,奇瑞E3车门生锈严重存在质量问题,569966,处理反馈
捷豹,捷豹XJ,2016款 XJL 2.0T 两驱 典雅商务版,"H168,",,2021-02-03,捷豹XJ桃木内饰板开裂希望给予解决,569965,处理反馈
东南汽车,东南DX3,2016款 1.5L 手动 豪华型,"D59,D123,G117,",,2021-02-03,东南DX3转向异响卡滞行驶方向跑偏,569964,用户评分
一汽-大众,探岳,2019款 330TSI 两驱 豪华型 国Ⅵ,"H82,",,2021-02-03,一汽大众探岳车灯发白不亮 影响夜间使用,569959,处理反馈
广汽丰田,YARiS L 致炫,2020款 1.5L CVT 领先版,"H93,J300,",,2021-02-03,广汽丰田致炫中控异响多次维修未解决,569958,信息审核
东风日产,轩逸,2021款 1.6L XL CVT 悦享版,"F130,",,2021-02-03,东风日产轩逸新更换的优科豪马轮胎爆胎,569956,处理反馈
广汽丰田,汉兰达,2015款 2.0T 四驱 豪华版 7座,"A136,",,2021-02-03,广汽丰田汉兰达发动机缸体损伤要求解决,569955,信息审核
一汽-大众,T-ROC探歌,2020款 280TSI DSG 两驱 舒适型,"B22,H146,",,2021-02-03,一汽大众T-ROC探歌电瓶亏电 变速箱漏油,569951,处理反馈
东风日产,天籁,2019款 2.0L XL Upper 智行版,"H155,",,2021-02-03,东风日产天籁智连APP无法使用希望厂家处理,569948,处理反馈
东风乘用车,风神A60,2016款 1.6L 自动 豪华型,"B20,H101,",,2021-02-03,东风风神A60变速箱无法换挡 空调有异响,569946,厂家受理
特斯拉中国,Model 3,2020款 标准续航 后驱 升级版,"H340,",,2021-02-03,特斯拉Model 3动力电池无法充满电,569945,信息审核
一汽丰田,卡罗拉,2021款 1.2T S-CVT 先锋版,"A9,",,2021-02-03,一汽丰田卡罗拉发动机异响希望厂家处理,569942,信息审核
奇瑞汽车,瑞虎5,2014款 2.0L 手动 家悦版,"H101,",,2021-02-03,奇瑞瑞虎5空调控制面板无法控制 影响使用,569940,处理反馈
东风日产,奇骏,2020款 2.0L XL ITS CVT 2WD 智联舒适版,"H146,",,2021-02-03,东风日产奇骏电瓶亏电经常无法启动,569939,处理反馈
长安福特,翼虎,2017款 EcoBoost 180 两驱 豪翼型,"A37,A191,",,2021-02-03,长安福特翼虎防冻液渗漏希望厂家处理,569933,处理反馈
一汽-大众,迈腾,2017款 330TSI DSG 豪华型,"A12,B19,D59,H101,H67,H110,",,2021-02-03,一汽大众迈腾变速箱顿挫 方向机异响,569932,处理反馈
东风日产,天籁,2021款 2.0L XL 舒适版,"H147,",,2021-02-03,东风日产天籁加满油后刹车时油箱异响,569931,处理反馈
一汽-大众,迈腾,2020款 330TSI DSG 豪华型,"A14,",,2021-02-03,一汽大众迈腾正常行驶时发动机无故熄火,569928,处理反馈
路虎进口,发现,2020款 3.0 SC V6 SE,"A14,H110,",,2021-02-03,进口路虎发现行驶熄火 电路系统瘫痪,569926,处理反馈
东风本田,INSPIRE,2019款 锐·混动 2.0L 净尚版 国V,"A12,",,2021-02-03,东风本田INSPIRE发动机气门室盖漏油,569923,处理反馈
吉利汽车,远景X6,2020款 1.4T CVT 尊贵型,"M279,",,2021-02-03,吉利远景X6手机远程启动功能与宣传不符,569920,处理反馈
华晨宝马,宝马3系,2021款 325Li M运动套装,"J299,",,2021-02-03,华晨宝马3系新车被4S店工作人员剐蹭受损,569917,信息审核
东风日产,轩逸,2012款 1.6L XE 自动 舒适版 经典,"A9,B33,",,2021-02-03,东风日产轩逸发动机和变速箱异响严重,569916,处理反馈
长安福特,蒙迪欧,2013款 1.5T 自动 GTDi180时尚型,"A12,",,2021-02-03,长安福特蒙迪欧节气门进机油希望厂家处理,569915,处理反馈
吉利汽车,帝豪GS,2020款 1.4T CVT 雅,"H79,",,2021-02-03,吉利帝豪GS经销商出售问题车底盘有生锈,569914,处理反馈
一汽-大众,探岳,2020款 330TSI 两驱 豪华智联版,"A85,H155,H263,",,2021-02-03,一汽大众探岳发动机自动启停失效 油耗翻倍,569912,处理反馈
一汽-大众,速腾,2018款 280TSI DSG熠动版,"H31,I295,",,2021-02-03,一汽大众速腾排气管消音器漏气漏水,569909,用户评分
东风标致,标致408,2015款 1.2T 自动 豪华版,"A38,G52,",,2021-02-03,东风标致408发动机大修后噪音大 减震器异响,569908,用户评分
BEIJING汽车,BEIJING-EX3,2019款 R600 劲尚版,"H146,H21,",,2021-02-03,北汽新能源EX3冬季充不满电 导航错误,569907,处理反馈
吉利汽车,帝豪GS,2020款 1.4T CVT 雅,"D156,G245,G117,",,2021-02-03,吉利帝豪GS方向沉重行驶跑偏轮胎吃胎,569902,处理反馈
奇瑞汽车,艾瑞泽5,2017款 1.5T 手动 时尚版 SPORT,"D80,H268,",,2021-02-03,奇瑞艾瑞泽5方向盘与车身抖动明显,569900,信息审核
一汽-大众奥迪,奥迪A6L,2020款 40 TFSI 豪华动感型,"H170,",,2021-02-03,一汽大众奥迪A6L行驶自动加速存在隐患,569897,信息审核
长安汽车,长安UNI-T,2020款 1.5T 旗舰型,"H134,H155,",,2021-02-03,长安UN-T车载麦克风失灵 车机系统无记忆,569895,处理反馈
华晨宝马,宝马5系,2014款 525Li 豪华设计套装,"A12,",,2021-02-03,宝马5系油底壳高温时有漏油现象 希望解决,569891,信息审核
长安福特,蒙迪欧,2013款 2.0T 自动 GTDi200时尚型,"H147,H271,Q322,",,2021-02-03,福特蒙迪欧碳罐和电子阀故障导致汽油箱异响,569888,处理反馈
一汽丰田,卡罗拉,2021款 1.2T S-CVT 精英版,"B33,E43,",,2021-02-03,丰田卡罗拉行驶时变速箱异响刹车异响,569887,信息审核
吉利汽车,吉利ICON,2020款 1.5TD i9 BSG,"A9,D154,H134,H155,H168,H164,H89,H151,",,2021-02-03,吉利ICON副驾驶门把手开裂掉皮 方向盘跑偏,569886,处理反馈
领克,领克03,2019款 1.5TD DCT 劲Pro版 国VI,"A24,A35,E111,H268,",,2021-02-03,领克03怠速抖动 刹车抖动行驶时车内抖动,569883,处理反馈
广汽丰田,雷凌,2021款 185T CVT 豪华版,"L313,M279,",,2021-02-02,广汽丰田雷凌4S店销售赠送加油卡与宣传不符,569880,信息审核
江淮汽车,瑞风Ⅱ,2012款 2.0L 自动 公务版 汽油,"H79,",,2021-02-02,江淮瑞风Ⅱ车门机盖车身裙边生锈严重,569878,处理反馈
奇瑞汽车,瑞麒G6,2009款 G6 2.0TCI 自动旗舰型,"E159,N318,",,2021-02-02,瑞麒G6电子手刹失灵 前三角臂厂家无配件,569876,处理反馈
奇瑞汽车,艾瑞泽5,2016款 1.5L 手动 领锐版,"G245,G117,G225,",,2021-02-02,奇瑞艾瑞泽5轴距不一致行驶跑偏轮胎偏磨,569875,处理反馈
一汽-大众,高尔夫·嘉旅,2016款 1.6L 自动 舒适型,"B96,",,2021-02-02,一汽大众高尔夫嘉旅挂挡时变速箱故障报警,569874,处理反馈
一汽丰田,亚洲龙,2021款 2.5L Touring 尊贵SPORT版,"H89,",,2021-02-02,一汽丰田亚洲龙行驶颠簸路面天窗异响,569873,信息审核
广汽本田,皓影,2020款 240TURBO CVT 两驱 豪华版,"A339,",,2021-02-02,广汽本田皓影发动机机油增多要求解决,569866,处理反馈
一汽-大众,迈腾,2011款 1.4TSI 精英型,"B84,B115,",,2021-02-02,一汽大众迈腾变速箱顿挫机电单元故障,569865,处理反馈
一汽-大众,捷达,2015款 1.6L 自动 舒适型,"H240,",,2021-02-02,一汽大众捷达发动机点火开关多次损坏,569861,用户评分
北京现代,索纳塔,2020款 270TGDi GLS DCT 精英版,"J300,J299,",,2021-02-02,北京现代索纳塔4S店维修后车门异响,569860,处理反馈
上汽大众斯柯达,速派,2019款 TSI330 DSG 舒适版,"D80,",,2021-02-02,斯柯达速派方向盘抖动厂家不予解决,569854,用户评分
一汽-大众奥迪,奥迪Q3,2020款 35 TFSI 时尚动感型,"B22,",,2021-02-02,一汽大众奥迪Q3新车出现变速箱漏油,569853,信息审核
一汽奔腾,奔腾X40,2019款 1.6L 自动 豪华型 国VI,"A34,",,2021-02-02,一汽奔腾X40发动机故障灯亮一直未解决,569852,用户评分
广汽丰田,YARiS L 致享,2017款 1.5E CVT 魅动版,"A9,",,2021-02-02,广汽丰田致享行驶中发动机有异响,569851,信息审核
长安福特,探险者,2020款 EcoBoost 285 四驱 钛金版 6座,"M284,",,2021-02-02,长安福特探险者4S店出售展车无法启动,569849,用户评分
长城汽车,哈弗H2s,2018款 1.5T 双离合 豪华型 红标,"H103,",,2021-02-02,哈弗H2s副驾驶安全气囊线路损坏,569847,处理反馈
一汽奔腾,奔腾T77,2020款 PRO 280 TID 自动 豪华型,"A255,E43,",,2021-02-02,一汽奔腾T77倒车有异响 发动机无动力,569845,处理反馈
东风乘用车,风神AX7,2016款 2.0L 手动 智逸型,"D123,",,2021-02-02,东风风神AX7转向卡顿有严重异响,569844,用户评分
奇瑞汽车,瑞虎5,2014款 2.0L 手动 家尊版,"H168,",,2021-02-02,奇瑞瑞虎5自动分区空调翻板断裂,569842,处理反馈
上汽大众斯柯达,柯迪亚克,2020款 TSI330 两驱 豪华优享版 7座,"H268,",,2021-02-02,斯柯达柯迪亚克车身抖动 车内共振,569839,用户评分
一汽-大众,宝来,2021款 1.5L 手动 舒适智联版,"A9,C87,",,2021-02-02,一汽大众宝来离合器踏板震动发动机异响,569835,用户评分
长安福特,锐界,2018款 EcoBoost 245 两驱 豪锐型 7座 国VI,"F100,",,2021-02-02,长安福特锐界米其林轮胎出现有裂痕,569828,处理反馈
长安福特,福睿斯,2015款 1.5L 自动 时尚型,"H109,",,2021-02-02,长安福特福睿斯集雨板缺陷导致漏水,569824,用户评分
BEIJING汽车,绅宝X35,2016款 1.5L 手动 精英版,"D59,D123,D80,",,2021-02-02,北汽绅宝X35转向卡滞异响抖动希望处理,569818,处理反馈
众泰汽车,大迈X5,2015款 1.5T CVT 知县型 国V,"B96,B334,",,2021-02-02,众泰大迈X5挂D挡无法行驶变速箱故障灯亮,569812,信息审核
东风标致,标致408,2015款 1.2T 自动 豪华版,"A34,A336,",,2021-02-02,东风标致408机油泵堵塞导致无法正常行驶,569811,处理反馈
北京现代,胜达,2013款 2.4L 自动 两驱 智能型 GLS,"A9,A255,",,2021-02-02,北京现代胜达发动机敲缸异响动力消失,569808,处理反馈
一汽-大众,速腾,2020款 200TSI DSG 舒适型 国VI,"E43,G125,",,2021-02-02,一汽大众速腾刹车时前轮异响希望厂家处理,569803,处理反馈
一汽-大众奥迪,奥迪A3,2020款 Limousine 35 TFSI 时尚型 国VI,"A63,A191,",,2021-02-02,一汽大众奥迪A3防冻液缺失 发动机烧机油,569797,信息审核
北京奔驰,奔驰GLB,2020款 改款 GLB 200 时尚型,"H134,M284,Q322,",,2021-02-02,奔驰GLB新车中控屏幕触屏无法使用,569796,处理反馈
广汽丰田,雷凌,2021款 双擎 1.8H E-CVT 运动版,"H168,",,2021-02-02,广汽丰田雷凌仪表台饰板脱胶希望厂家处理,569795,信息审核
东风本田,本田CR-V,2019款 锐·混动 2.0L 两驱 净速版 国VI,"A339,A13,",,2021-02-02,东风本田CR-V机油增多乳化厂家消极处理,569793,处理反馈
长城汽车,哈弗H7,2019款 2.0T 悦享型 国V,"A63,",,2021-02-02,哈弗H7发动机烧机油4S店不作任何处理,569792,处理反馈
东风日产,逍客,2021款 2.0L CVT 智享版,"K309,",,2021-02-02,东风日产逍客购车缴纳定金经销商未退还,569790,处理反馈
路虎进口,揽胜星脉,2020款 P250 R-DYNAMIC S,"H15,",,2021-02-02,路虎揽胜星脉行驶时车身异响干扰正常驾驶,569789,处理反馈
东风悦达起亚,起亚K3,2019款 1.5L CVT 智享互联版,"H82,",,2021-02-02,东风悦达起亚K3远近光灯光线发散 车灯不亮,569788,处理反馈
一汽-大众奥迪,奥迪A4L,2017款 2.0T 双离合 进取型 Plus,"A12,",,2021-02-02,一汽大众奥迪A4L发动机漏油要求质保,569787,信息审核
东风悦达起亚,智跑,2019款 2.0L 自动 智享豪华版,"L314,",,2021-02-02,东风悦达起亚智跑4S店拒绝提供质保,569785,处理反馈
长安福特,翼虎,2017款 EcoBoost 180 两驱 虎跃型,"A12,",,2021-02-02,福特翼虎节气门故障导致发动机漏油,569783,处理反馈
一汽-大众,迈腾,2020款 380TSI DSG 豪华型,"H155,",,2021-02-02,一汽大众迈腾Carplay无法连接影响使用,569781,处理反馈
梅赛德斯-AMG,奔驰GLE AMG,2020款 AMG GLE 53 4MATIC+,"G52,N318,",,2021-02-02,奔驰GLE AMG左前减震器异响 配件未到货,569780,信息审核
长城汽车,哈弗H2,2017款 1.5T 手动 两驱豪华型 红标,"D59,D265,",,2021-02-02,哈弗H2方向机异响 要求免费更换,569774,处理反馈
广汽本田,缤智,2020款 1.5L CVT 精英版,"H203,",,2021-02-02,广汽本田缤智高速行驶胎压监测误报警,569773,处理反馈
江淮汽车,嘉悦A5,2020款 1.5T 手动 精英型,"H88,",,2021-02-02,江淮嘉悦A5车灯进水影响正常照明,569771,处理反馈
一汽-大众,探岳,2019款 330TSI 两驱 豪华型 国V,"B19,H82,",,2021-02-02,一汽大众探岳变速箱顿挫大灯发白亮度不足,569767,处理反馈
东风日产,天籁,2013款 2.0L XL 舒适版,"A63,H185,",,2021-02-02,东风日产天籁发动机烧机油 车内异味,569766,处理反馈
长安福特,蒙迪欧,2020款 EcoBoost 180 时尚型,"F100,",,2021-02-02,长安福特蒙迪欧米其林轮胎有开裂现象,569765,用户评分
东风标致,标致207,2011款 1.4 手动 驭乐版 三厢,"G83,K307,",,2021-02-02,东风标致207后桥变形 4S店检测收费,569764,处理反馈
广汽本田,雅阁,2021款 260TURBO 豪华·星空限量版,"N318,",,2021-02-02,广汽本田雅阁售后事故维修无配件提供,569762,处理反馈
东风悦达起亚,凯绅,2017款 1.6T GLS,"H81,H88,",,2021-02-02,东风悦达起亚凯绅漆面开裂 大灯起雾,569760,处理反馈
奇瑞汽车,瑞虎7,2020款 1.5T CVT 豪华型,"H146,",,2021-02-02,奇瑞瑞虎7电瓶故障车辆无法启动,569759,处理反馈
北京现代,伊兰特,2021款 1.5L LUX 尊贵版,"J299,",,2021-02-02,北京现代伊兰特售后事故维修导致玻璃受损,569754,处理反馈
北京现代,途胜,2015款 1.6T   双离合 两驱 智能型,"B33,B19,B27,",,2021-02-02,北京现代途胜变速箱跳挡顿挫异响要求解决,569753,处理反馈
东风标致,标致308,2014款 乐享版 经典 1.6L 手动 优尚型,"D80,D337,",,2021-02-02,东风标致308方向盘上下晃动存在质量问题,569752,处理反馈
东风本田,INSPIRE,2019款 260TURBO 精致版 国VI,"D156,",,2021-02-02,东风本田INSPIRE方向盘左右力度不一致,569751,厂家受理
江淮汽车,嘉悦X4,2020款 1.5T 手动 超越型,"H78,",,2021-02-02,江淮嘉悦X4新车一个月三次更换汽油泵,569750,处理反馈
东风标致,标致408,2014款 1.8L 自动 豪华版,"A63,",,2021-02-02,东风标致408发动机烧机油严重影响使用,569748,处理反馈
一汽-大众,迈腾,2017款 330TSI DSG 豪华型,"B84,B115,",,2021-02-02,一汽大众迈腾变速箱处于紧急运行模式,569743,处理反馈
福田汽车,欧马可,2007款 欧马可N BJ1049V8AD6-3,"H343,",,2021-02-02,福田欧马可动力电池故障希望尽快处理,569740,信息审核
广汽本田,飞度,2014款 1.5L CVT LX舒适型,"A44,",,2021-02-02,广汽本田飞度冷车启动困难希望处理,569736,处理反馈
江西五十铃,瑞迈,2020款 2.8T 经典 四驱 柴油 国VI 舒适型 加长版 JE493ZLQ6E,"E333,J300,",,2021-02-02,五十铃瑞迈经销商维修后刹车变硬希望解决,569735,信息审核
一汽马自达,马自达CX-4,2018款 2.0L 自动 两驱 蓝天活力版 国VI,"H168,",,2021-02-02,一汽马自达CX-4保险杠大灯处开裂严重,569730,信息审核
东风本田,本田CR-V,2021款 240TURBO CVT 两驱 都市版,"A339,H93,",,2021-02-02,东风本田CR-V机油增多中控台异响严重,569728,用户评分
长安马自达,马自达3 昂克赛拉,2020款 2.0L 自动 质雅版,"B33,",,2021-02-02,长安马自达昂克赛拉变速箱异响希望处理,569726,用户评分
东风日产,天籁,2020款 2.0T XL Upper AD1 智享领航版,"M279,",,2021-02-02,日产天籁智联APP未显示车状态 与宣传不符,569723,处理反馈
东风日产,奇骏,2021款 2.5L XL ITS CVT 4WD 豪华纪念版,"A12,B22,",,2021-02-02,东风日产奇骏新车发动机与变速箱连接处漏油,569721,用户评分
吉利汽车,远景X6,2020款 1.4T CVT 尊贵型,"E196,",,2021-02-02,吉利远景刹车真空泵故障踏板踩不动,569720,处理反馈
东风雪铁龙,雪铁龙C4L,2015款 1.8L 自动 尊贵版,"A63,",,2021-02-02,东风雪铁龙C4L发动机烧机油存在质量问题,569718,处理反馈
广汽三菱,奕歌,2018款 1.5T CVT 两驱 无畏版,"L313,",,2021-02-02,广汽三菱奕歌保养券无法使用希望处理,569716,厂家受理
北京现代,北京现代ix25,2017款 1.6L 自动 智能型,"A44,I295,",,2021-02-02,北京现代ix25售后未解决发动机延迟启动,569715,处理反馈
上汽大众斯柯达,昊锐,2012款 1.8TSI 手动 优雅版,"H185,",,2021-02-02,上汽大众斯柯达昊锐车内有异味影响健康,569712,处理反馈
奇瑞汽车,艾瑞泽EX,2019款 1.5L 手动 青春版 国V,"I293,L314,",,2021-02-02,奇瑞艾瑞泽EX保养时维修人员将机油拿走,569710,用户评分
北京奔驰,奔驰E级,2020款 改款 E 260 L,"H168,",,2021-02-02,北京奔驰E级车辆内饰装饰木纹开裂,569708,处理反馈
东风雪铁龙,雪铁龙C4L,2013款 1.6THP 自动 劲智版,"A12,H78,",,2021-02-02,东风雪铁龙C4L发动机漏油 高压油泵故障,569706,处理反馈
一汽-大众,宝来,2015款 1.6L 手动 舒适型 质惠版,"A9,A12,B20,G204,H79,H209,",,2021-02-02,一汽大众宝来车身生锈 发动机异响漏油,569702,处理反馈
上汽集团,锐腾,2016款 2.0TGI TST 豪华版,"B33,",,2021-02-02,上汽名爵锐腾变速箱异响维修后没有解决,569699,处理反馈
一汽-大众奥迪,奥迪Q5L,2020款 45 TFSI 尊享时尚型,"B19,H164,",,2021-02-02,一汽大众奥迪Q5L变速箱挂挡窜动 车内异响,569697,信息审核
林肯（进口）,林肯MKZ,2018款 2.0T 尊悦版,"H134,",,2021-02-02,林肯MKZ中控黑屏无法使用希望处理,569694,信息审核
一汽-大众奥迪,奥迪A4L,2017款 2.0T 双离合 风尚型,"A37,",,2021-02-02,一汽大众奥迪A4L水泵漏水要求解决,569693,信息审核
吉利汽车,缤越,2019款 260T DCT 骑士 国VI,"D80,",,2021-02-02,吉利缤越低转速再加速时方向盘抖动,569690,用户评分
北京现代,北京现代ix35,2013款 2.0L 自动 两驱 智能型GLS 国IV,"A329,",,2021-02-02,北京现代ix35发动机有严重拉缸现象,569688,处理反馈
一汽-大众,迈腾,2017款 330TSI DSG 豪华型,"B96,",,2021-02-02,一汽大众迈腾变速箱紧急运行故障,569686,处理反馈
一汽-大众,探岳X,2020款 330TSI 两驱 尊贵智联版,"H168,H243,",,2021-02-02,一汽大众探岳X轮毂断裂要求尽快处理,569679,信息审核
广汽本田,飞度,2014款 1.5L CVT LX舒适型,"H79,",,2021-02-02,广汽本田飞度车身生锈 底盘生锈,569678,处理反馈
东风日产,逍客,2017款 2.0L CVT 智享版 国V,"D80,H268,",,2021-02-02,东风日产逍客车身方向盘共振抖动厂家不解决,569677,用户评分
东风雪铁龙,雪铁龙C4L,2013款 1.6THP 自动 劲智版,"A34,A63,",,2021-02-02,雪铁龙C4L发动机机油异常损耗 机油报警,569676,处理反馈
雷克萨斯,雷克萨斯RX,2016款 200t 两驱精英版,"G210,G161,",,2021-02-02,雷克萨斯RX下摆臂胶套漏油开裂存在质量问题,569672,厂家受理
一汽-大众奥迪,奥迪Q5,2017款 Plus 40 TFSI 技术型,"H89,",,2021-02-02,一汽大众奥迪Q5天窗异响希望尽快处理,569669,信息审核
上汽集团,名爵5,2021款 180DVVT CVT 青春豪华版,"B19,",,2021-02-02,上汽名爵5正常行驶下车子连续强窜动,569668,处理反馈
广汽丰田,YARiS L 致享,2017款 1.5E CVT 魅动版,"A9,",,2021-02-02,广汽丰田致享起步时发动机异响明显,569663,信息审核
比亚迪,比亚迪G5,2014款 1.5TID 自动 旗舰型,"B33,D156,H185,H164,",,2021-02-02,比亚迪G5车内异味 方向盘沉重 车内异响,569662,用户评分
广汽本田,雅阁,2018款 260TURBO 精英版 国VI,"H93,H164,",,2021-02-02,广汽本田雅阁中控与遮阳板异响希望处理,569660,处理反馈
一汽丰田,亚洲龙,2019款 双擎 2.5L XLE 尊贵版 国Ⅵ,"A339,",,2021-02-02,一汽丰田亚洲龙机油增多存在有质量问题,569659,信息审核
一汽-大众奥迪,奥迪A4L,2019款 40 TFSI 时尚型 国VI,"A9,A34,B96,D291,E62,",,2021-02-02,一汽大众奥迪A4L发动机转向制动变速箱报警,569656,信息审核
东风日产,奇骏,2019款 2.0L CVT 舒适版 5座 2WD,"H155,",,2021-02-02,东风日产奇骏行驶时车载蓝牙卡顿声音模糊,569655,处理反馈
沃尔沃（进口）,沃尔沃XC90,2021款 B6 智雅豪华版 7座,"A44,A255,J301,",,2021-02-02,沃尔沃XC90行驶发动机动力消失无法启动,569651,信息审核
广汽本田,雅阁,2018款 260TURBO 豪华版 国VI,"D123,D156,O348,",,2021-02-02,广汽本田雅阁转向卡滞更新系统无法解决,569650,处理反馈
一汽-大众,速腾,2014款 1.4TSI 自动 豪华型,"B115,",,2021-02-02,一汽大众速腾变速箱机电单元故障,569647,用户评分
东风日产,天籁,2021款 2.0L XL Upper AD1 智行领航版,"H147,",,2021-02-02,东风日产天籁加满油后油箱有异响,569646,处理反馈
广汽本田,飞度,2014款 1.5L CVT SE时尚型,"A9,",,2021-02-02,广汽本田飞度发动机冷车启动异响,569644,处理反馈
长安马自达,马自达CX-5,2020款 改款 2.0L 自动 两驱 智慧型,"G117,H164,",,2021-02-02,长安马自达CX-5行驶时跑偏车内各种异响,569641,处理反馈
北京奔驰,奔驰A级,2020款 改款 A 180 L,"A34,A14,",,2021-02-02,北京奔驰A级发动机熄火 故障灯全亮,569638,处理反馈
Jeep（进口）,大切诺基（进口）,2014款 3.6L 精英导航版 5座,"J300,",,2021-02-02,进口Jeep大切诺基定期更换机油后出现异响,569637,厂家受理
一汽-大众捷达,捷达VS5,2019款 280TSI 自动 悦享型,"N317,",,2021-02-02,一汽大众捷达VS5全景影像漏电导致电瓶亏电,569636,处理反馈
东风日产,楼兰,2019款 2.5 S/C HEV XE 四驱 混动 智联尊尚版 国V,"G245,",,2021-02-02,东风日产楼兰后车轮吃胎无法修复,569635,处理反馈
北京现代,途胜,2019款 280TGDi 双离合 两驱 时尚版 国VI,"B77,B27,L310,",,2021-02-02,北京现代途胜更换变速箱总成要求给予赔偿,569633,处理反馈
一汽-大众,速腾,2019款 280TSI DSG 舒适型 国VI,"A9,A12,A44,B95,B69,J298,J303,",,2021-02-02,大众速腾4S店维修技术差 发动机异响漏油,569632,用户评分
一汽奔腾,奔腾X40,2019款 1.6L 自动 豪华型 国VI,"A34,A136,",,2021-02-02,一汽奔腾X40发动机故障灯亮要求免费维修,569630,处理反馈
广汽丰田,凯美瑞,2019款 2.0G 豪华版 国VI,"H79,H89,I295,",,2021-02-02,广汽丰田凯美瑞车门防撞梁生锈 天窗异响 ,569629,信息审核
北京现代,名图,2019款 1.8L 自动 智能型GLS 纪念款 国VI,"H164,H211,",,2021-02-02,北京现代名图后视镜折叠故障车内异响,569625,处理反馈
一汽-大众奥迪,奥迪Q5L,2020款 改款 40 TFSI 荣享时尚型,"H109,Q322,",,2021-02-02,一汽大众奥迪Q5L后排座椅下部网关进水,569624,信息审核
长安福特,蒙迪欧新能源,2018款 2.0 PHEV 智尊旗舰型,"N317,",,2021-02-02,长安福特蒙迪欧新能源索赔方向盘材质差,569623,用户评分
一汽-大众奥迪,奥迪Q5L,2020款 45 TFSI 尊享时尚型,"B334,",,2021-02-02,一汽大众奥迪Q5L启动时变速箱挂挡不走,569620,信息审核
一汽-大众,迈腾,2017款 330TSI DSG 豪华型,"B20,B96,B115,",,2021-02-02,大众迈腾变速箱机电单元故障 无法换挡,569619,用户评分
广汽本田,飞度,2018款 1.5L 手动 舒适版,"A9,",,2021-02-02,广汽本田飞度冷启动VTEC执行器异响,569618,处理反馈
华晨中华,中华V7,2018款 280T DCT 豪华型 5座,"A63,",,2021-02-02,华晨中华V7发动机烧机油希望尽快处理,569616,信息审核
上汽大众,途昂,2020款 380TSI 四驱 豪华版 国V,"A14,G56,",,2021-02-02,上汽大众途昂发动机熄火 底盘异响,569614,处理反馈
东南汽车,V3菱悦,2008款 1.5 手动 豪华版,"E159,L314,",,2021-02-02,东南V3菱悦手刹缺陷厂家未召回处理,569613,处理反馈
长安福特,翼虎,2013款 2.0T 四驱尊贵型,"H271,Q322,",,2021-02-02,长安福特翼虎油箱有缺陷导致加不满油,569612,用户评分
吉利汽车,帝豪GS,2018款 1.8L 自动 优雅版 领尚型,"A255,B33,",,2021-02-02,吉利帝豪GS变速箱异响 坡道起步动力消失,569611,处理反馈
广汽丰田,YARiS L 致享,2017款 1.5E CVT 魅动版,"A9,B33,",,2021-02-02,广汽丰田致享冷车启动异响 变速箱行驶异响,569608,信息审核
长城汽车,哈弗H2,2016款 1.5T 手动 两驱精英型,"D80,D156,G117,H15,",,2021-02-02,哈弗H2打方向沉重  方向盘抖动 车辆异响,569606,处理反馈
东风本田,INSPIRE,2019款 260TURBO 精致版 国VI,"H93,I293,",,2021-02-02,东风本田INSPIRE中控台异响售后服务态度差,569604,处理反馈
一汽-大众,探岳,2020款 330TSI 两驱 豪华智联版,"A85,H263,",,2021-02-02,一汽大众探岳发动机油耗升高 自动启停失效,569600,处理反馈
上汽大众,凌渡,2019款 280TSI DSG 舒适版 国V,"M283,",,2021-02-02,上汽大众凌渡经销商出售库存车要求处理,569599,用户评分
长城汽车,哈弗M6,2018款 1.5T DCT 两驱 精英型,"H79,",,2021-02-02,哈弗M6车身出现生锈厂家不处理问题,569595,用户评分
江铃集团新能源,江铃E200L,2017款 E200P 标准版,"H340,N318,",,2021-02-02,江铃新能源E200L充电机故障无配件维修,569594,用户评分
奇瑞汽车,瑞虎8 PLUS,2021款 290TGDI DCT 豪享版,"H155,H119,L313,",,2021-02-02,奇瑞瑞虎8PLUS智云系统故障置换补贴未兑现,569593,处理反馈
一汽丰田,卡罗拉,2019款 1.2T S-CVT GL-i精英版,"B33,B19,H146,",,2021-02-02,一汽丰田卡罗拉电瓶亏电 变速器顿挫异响,569590,信息审核
一汽丰田,RAV4荣放,2016款 2.0L CVT 两驱 风尚版 国V,"H88,H220,I295,",,2021-02-02,一汽丰田RAV4荣放后尾灯灯罩开裂进水,569581,信息审核
广汽本田,飞度,2014款 1.5L CVT LX舒适型,"A44,",,2021-02-02,广汽本田飞度发动机启动困难起动机故障,569579,处理反馈
东风日产,逍客,2017款 2.0L CVT 智享版 国V,"B334,B84,",,2021-02-02,东风日产逍客变速箱阀体故障无法加速,569577,用户评分
一汽-大众,高尔夫,2016款 1.6L  自动 舒适型,"B96,B184,",,2021-02-02,一汽大众高尔夫变速器微动开关故障报警,569576,处理反馈
东风标致,标致207,2010款 1.4L 手动 ETEC 驭乐版 三厢,"E269,E239,G125,G162,",,2021-02-02,东风标致207左后轮倾斜行驶抖动异响,569575,处理反馈
奇瑞汽车,捷途X70 PLUS,2021款 1.5T 手动 林 5座,"H134,H82,",,2021-02-02,捷途X70 PLUS大灯不亮 360影像模糊,569573,处理反馈
一汽奔腾,奔腾B30,2016款 1.6L 自动 豪华型,"D123,I297,",,2021-02-01,一汽奔腾B30转向卡滞厂家不予索赔,569572,处理反馈
奇瑞汽车,捷途X90,2020款 1.6T DCT 影御版 5座,"L313,",,2021-02-01,捷途X90车辆置换补贴未兑现希望处理,569571,用户评分
上汽大众斯柯达,柯珞克,2019款 TSI280 智行豪华版 国V,"L313,",,2021-02-01,斯柯达柯珞克购车置换补贴厂家一直不提供,569567,处理反馈
上汽大众斯柯达,速派,2016款 TSI330 DSG 智行版,"B84,B115,",,2021-02-01,斯柯达速派变速箱机电控制单元有质量问题,569566,处理反馈
东风日产,天籁,2020款 2.0T XL Upper AD1 智享领航版,"H155,H147,",,2021-02-01,东风日产天籁互联功能无法使用 油箱异响,569564,处理反馈
吉利新能源,帝豪GSe,2018款 臻尚型,"D59,D265,H340,",,2021-02-01,吉利帝豪GSe方向机异响 充电机慢充故障,569562,用户评分
广汽丰田,凯美瑞,2019款 2.0G 豪华版 国VI,"F130,",,2021-02-01,广汽丰田凯美瑞普利司通轮胎爆胎,569561,信息审核
广汽丰田,雷凌,2021款 185T CVT 豪华版,"A136,B33,B19,",,2021-02-01,广汽丰田雷凌变速箱顿挫异响发动机缸盖腐蚀,569558,信息审核
北京奔驰,奔驰GLC,2018款 GLC 200 4MATIC 改款,"E43,",,2021-02-01,奔驰GLC低速行驶和倒车时踩刹车异响,569556,厂家受理
一汽-大众,宝来,2018款 1.5L 自动 舒适型,"E43,",,2021-02-01,一汽大众宝来倒车时刹车异响希望厂家处理,569555,处理反馈
长安汽车,逸动,2020款 PLUS 1.6L GDI 手动 精英型,"B20,",,2021-02-01,长安逸动行驶时挡位失灵 无法换挡,569553,处理反馈
东风本田,INSPIRE,2019款 260TURBO 精致版 国VI,"E111,G245,",,2021-02-01,东风本田INSPIRE刹车抖动 后轮吃胎偏磨,569552,处理反馈
猎豹汽车,猎豹CS9,2017款 1.5L CVT 风尚型,"A191,",,2021-02-01,猎豹CS9行驶时水箱温度高 冷却系统故障,569550,信息审核
东南汽车,东南DX5,2021款 1.5T CVT 尊贵型,"M283,",,2021-02-01,东南DX54S店销售库存车要求办理退车,569548,处理反馈
一汽-大众,捷达,2012款 1.6 手动 典藏版,"H79,",,2021-02-01,一汽大众捷达全车车身生锈 车体腐烂,569547,处理反馈
长安汽车,长安CS55,2018款 1.5T 自动 炫色型 国V,"A24,A178,",,2021-02-01,长安CS55发动机抖动 缸压不足 加速无力,569543,用户评分
观致汽车,观致5,2019款 观致5S 1.6T GDI 尊贵型,"G245,",,2021-02-01,观致5前后轮磨损严重厂家拖延不处理,569539,信息审核
东风标致,标致408,2015款 1.2T 自动 豪华版,"A63,",,2021-02-01,东风标致408大修发动机后烧机油,569536,厂家受理
广汽本田,飞度,2014款 1.5L CVT LX舒适型,"A9,",,2021-02-01,广汽本田飞度发动机冬天启动异响,569535,处理反馈
上汽大众斯柯达,速派,2018款 TSI330 DSG 舒适版 国V,"A24,J298,",,2021-02-01,斯柯达速派怠速抖动多次维修未解决,569533,处理反馈
长安汽车,长安CS55,2017款 1.5T 自动 炫色型,"F186,",,2021-02-01,长安CS55优科豪马轮胎有起皮掉块的现象,569531,处理反馈
东风日产,骐达TIIDA,2016款 1.6L CVT 智行版,"A9,A18,H268,",,2021-02-01,东风日产骐达发动机爆震车内抖动维修未解决,569529,处理反馈
东风日产,轩逸,2020款 改款 1.6L XE CVT 舒享版,"A12,",,2021-02-01,东风日产轩逸发动机渗油希望厂家处理问题,569520,处理反馈
小鹏汽车,小鹏汽车P7,2020款 后驱 超长续航 智尊版,"H289,",,2021-02-01,小鹏P7雷达传感器故障导致不能使用,569519,信息审核
一汽-大众,迈腾,2018款 330TSI DSG 豪华型,"B115,E111,",,2021-02-01,一汽大众迈腾变速箱机电单元故障 刹车抖动,569518,处理反馈
一汽-大众,探岳,2019款 330TSI 两驱 豪华型 国Ⅵ,"B33,B95,",,2021-02-01,一汽大众探岳加速变速箱抖动异响希望处理,569515,处理反馈
东风日产,逍客,2017款 2.0L CVT 智享版 国V,"A12,B22,",,2021-02-01,东风日产逍客变速箱和发动机连接处漏油,569514,用户评分
长安福特,蒙迪欧,2013款 1.5T 自动 GTDi180时尚型,"H54,",,2021-02-01,长安福特蒙迪欧三元催化器反复故障希望处理,569513,处理反馈
东风日产,轩逸,2019款 1.6XV CVT 智联尊享版 国VI,"B33,",,2021-02-01,东风日产轩逸低速轻踩油门变速箱异响,569512,处理反馈
一汽-大众,探岳,2019款 330TSI 两驱 豪华型 国Ⅵ,"H72,H164,",,2021-02-01,大众探岳车内装饰条异响 玻璃异响,569507,处理反馈
北京现代,途胜,2015款 1.6T   双离合 两驱 智能型,"A24,A34,",,2021-02-01,现代途胜行驶时车辆抖动 发动机故障灯亮,569504,处理反馈
广汽丰田,雷凌,2021款 185T CVT 运动版,"I282,N318,",,2021-02-01,广汽丰田雷凌后保险杠左后轮毂无配件,569503,信息审核
上汽大众,辉昂,2021款 380TSI 豪华版,"B33,E43,H15,H60,",,2021-02-01,大众辉昂雨刮器异响 冷车起步异响,569496,处理反馈
一汽-大众,宝来,2021款 1.5L 自动 精英智联版,"A34,H82,I295,",,2021-02-01,一汽大众宝来新车故障灯亮 大灯不亮,569490,处理反馈
东风日产,天籁,2019款 2.0L XL Upper 智行版,"H155,M279,",,2021-02-01,东风日产天籁智联app无法使用 与宣传不符,569489,处理反馈
一汽丰田,卡罗拉,2014款 1.6L CVT GL-i,"B96,B115,",,2021-02-01,一汽丰田卡罗拉变速箱阀体故障 故障灯亮,569486,信息审核
北京现代,悦纳,2016款 1.4L 手动 炫酷版 GLS,"A12,A129,",,2021-02-01,现代悦纳曲轴螺丝断裂 皮带轮飞落 漏密封油,569482,用户评分
吉利汽车,嘉际,2019款 1.8TD 自动 舒享型,"L313,",,2021-02-01,吉利嘉际4S店未按时返还旅游基金,569481,用户评分
东风本田,本田CR-V,2021款 锐·混动 2.0L 两驱 净速版,"B22,B96,",,2021-02-01,本田CR-V行驶时变速箱漏油 报故障码,569479,处理反馈
东风日产,轩逸,2020款 改款 1.6L XL CVT 悦享版,"D337,E43,",,2021-02-01,东风日产轩逸行驶时转向晃动 刹车异响,569476,处理反馈
一汽丰田,卡罗拉,2017款 1.2T S-CVT GL-i 改款,"H176,",,2021-02-01,一汽丰田卡罗拉中控台开裂更换未解决,569474,信息审核
奇瑞汽车,艾瑞泽5,2017款 1.5L 手动 豪华版,"H155,",,2021-02-01,奇瑞艾瑞泽5智能车机系统无法使用,569473,厂家受理
北京奔驰,奔驰E级,2019款 E 300 L 时尚型,"D154,",,2021-02-01,北京奔驰E级召回更换转向机回位严重不正,569469,处理反馈
东风雪铁龙,雪铁龙C4L,2014款 1.6THP 自动 车载互联劲智型,"A12,A24,A34,A255,",,2021-02-01,东风雪铁龙C4L发动机动力消失报警抖动,569465,处理反馈
东风本田,本田CR-V,2019款 240TURBO CVT 两驱 风尚版 国VI,"A339,",,2021-02-01,东风本田CR-V发动机机油增多请厂家解决,569463,处理反馈
一汽-大众,探岳,2019款 330TSI 两驱 豪华型 国Ⅵ,"H82,",,2021-02-01,一汽大众探岳大灯发白影响夜晚驾驶,569461,处理反馈
东风日产,天籁,2020款 改款 2.0L XL 舒适版,"H147,I295,I281,",,2021-02-01,东风日产天籁汽油箱异响一直推诿未处理,569460,处理反馈
捷豹,捷豹F-PACE,2020款 2.0T 赛旗版,"H81,H168,M284,",,2021-02-01,捷豹F-PACE前杠掉漆 水箱框架开裂,569459,用户评分
长安汽车,长安CS35,2017款 1.6L 自动 豪华型,"H40,",,2021-02-01,长安CS35车辆行驶时突然出现自燃,569457,处理反馈
吉利汽车,远景X6,2016款 1.8L 手动 豪华型,"H79,",,2021-02-01,吉利远景X6座椅生锈 转向十字轴生锈,569455,处理反馈
东风雪铁龙,C4世嘉,2016款 1.6L 手动 豪华型,"D337,",,2021-02-01,东风雪铁龙C4世嘉转向柱轴承损坏方向盘晃动,569454,处理反馈
奇瑞汽车,捷途X90,2020款 1.5T DCT 影智版 5座,"H209,",,2021-02-01,捷途X90右后门变形导致玻璃升降受阻,569453,处理反馈
广汽丰田,雷凌,2017款 1.8H GS CVT 精英天窗版 国VI 改款 双擎,"B33,I297,",,2021-02-01,广汽丰田雷凌变速箱异响经销商不予索赔,569449,信息审核
沃尔沃亚太,沃尔沃S90,2021款 B5 智远豪华版,"H340,",,2021-02-01,亚太沃尔沃S90蓄电池充电系统故障,569447,信息审核
上汽大众,途观L,2021款 330TSI 自动 两驱 R-Line越享版,"A85,B33,D80,H263,",,2021-02-01,上汽大众途观L自动启停失灵发动机油耗高,569445,处理反馈
江淮汽车,瑞风M3,2018款 1.6L 速运版 7座,"A136,",,2021-02-01,江淮瑞风M3发动机活塞断裂顶缸希望处理,569444,用户评分
一汽奔腾,奔腾B30,2016款 1.6L 自动 十周年纪念版,"D123,",,2021-02-01,一汽奔腾B30车速在60迈左右时方向卡滞,569437,处理反馈
一汽丰田,RAV4荣放,2016款 2.0L CVT 两驱 智尚版 国V,"H82,",,2021-02-01,一汽丰田RAV4荣放前雾灯不亮希望给予解决,569434,信息审核
BEIJING汽车,BEIJING-EU5,2020款 R500 智风版,"H343,",,2021-02-01,BEIJING-EU5动力电池故障希望尽快处理,569433,用户评分
理想,理想ONE,2020款 增程6座版,"M279,",,2021-02-01,理想ONE销售宣传续航里程与实际不符,569428,信息审核
一汽丰田,RAV4荣放,2016款 2.0L CVT 两驱 都市版 国V,"H79,H81,",,2021-02-01,一汽丰田RAV4荣放车身生锈 漆面起泡,569426,信息审核
东风标致,标致408,2016款 1.6T 自动 豪华版,"H146,",,2021-02-01,东风标致408电源管理模块故障要求免费维修,569424,用户评分
东风日产,轩逸,2021款 经典 1.6 XE 手动 舒适版,"B33,",,2021-02-01,东风日产轩逸变速箱异响希望厂家处理,569420,用户评分
北京奔驰,奔驰GLC,2021款 GLC 300 L 4MATIC 动感型,"E43,E111,H263,",,2021-02-01,北京奔驰GLC发动机启停功能故障 刹车抖动,569419,处理反馈
奇瑞汽车,瑞虎8,2019款 1.6TGDI 自动 时尚型,"A14,",,2021-02-01,奇瑞瑞虎8行驶过程中发动机突然熄火,569418,用户评分
东风本田,INSPIRE,2019款 锐·混动 2.0L 净越版 国V,"H21,O348,",,2021-02-01,东风本田INSPIRE智导互联系统不更新,569416,用户评分
广汽本田,雅阁,2018款 260TURBO 精英版 国V,"G245,",,2021-02-01,广汽本田雅阁后轮吃胎偏磨希望处理,569415,处理反馈
广汽菲克菲亚特,致悦,2014款 1.4T 自动 舒适型,"B334,",,2021-02-01,菲亚特致悦行驶时变速箱失去动力,569414,厂家受理
上汽大众斯柯达,柯迪亚克,2018款 TSI330 两驱 舒适版 5座,"B20,B96,B334,",,2021-02-01,斯柯达柯迪亚克变速箱故障报警 无法加速,569407,用户评分
东风日产,骐达TIIDA,2020款 1.6L CVT 智行版,"H147,J303,",,2021-02-01,日产骐达售后维修技术差导致故障加重,569405,用户评分
吉利汽车,帝豪GL,2018款 1.8L 自动 精英智联型,"B22,I295,",,2021-02-01,吉利帝豪GL变速器漏油经销商不解决问题,569398,用户评分
一汽丰田,卡罗拉,2016款 1.6L CVT  GL-i炫酷版,"N319,",,2021-02-01,一汽丰田卡罗拉4S店以原厂名义换副厂配件,569396,信息审核
东风风行,景逸X5,2017款 1.6L 手动 豪华型,"A9,C65,",,2021-02-01,东风风行景逸X5离合器异响 发动机异响,569392,用户评分
广汽本田,飞度,2014款 1.5L CVT SE时尚型,"A9,",,2021-02-01,广汽本田飞度起动发动机时存在打齿异响,569391,处理反馈
广汽丰田,凯美瑞,2015款 2.0G 自动 领先版,"G161,",,2021-02-01,广汽丰田凯美瑞左右半轴防尘套漏油,569390,信息审核
华晨宝马,宝马3系,2016款 320Li 豪华设计套装,"H151,H71,",,2021-02-01,华晨宝马3系方向盘喇叭及功能键经常失灵	,569389,厂家受理
东风标致,标致408,2015款 1.2T 自动 豪华版,"A34,A163,",,2021-02-01,东风标致408发动机报警 加速无力,569388,处理反馈
北京现代,名图,2019款 1.8L 自动 智能型GLS 纪念款 国VI,"H169,",,2021-02-01,北京现代名图司机座椅塌陷要求解决,569387,用户评分
吉利汽车,缤瑞,2018款 200T DCT 缤耀版,"J299,N319,",,2021-02-01,吉利缤瑞更换使用非原厂配件 无维修记录,569384,处理反馈
一汽丰田,卡罗拉,2019款 1.2T S-CVT GL-i精英版,"B33,B19,",,2021-02-01,丰田卡罗拉首保后变速箱顿挫异响加剧,569382,信息审核
一汽-大众,宝来,2019款 改款 280TSI DSG 精英型 国VI,"A12,A189,",,2021-02-01,一汽大众宝来涡轮增压有油污 发动机缺机油,569379,用户评分
东风风行,菱智M5EV,2020款 舒适型 7座,"A14,J301,",,2021-02-01,东风风行菱智M5EV多次熄火4S店找不到原因,569378,处理反馈
猎豹汽车,Mattu,2020款 1.6T DCT 尊贵型,"A34,B246,H134,",,2021-02-01,猎豹Mattu发动机故障 变速箱无动力输出,569376,信息审核
北京现代,伊兰特,2021款 240TGDi TOP 旗舰版,"L312,",,2021-02-01,北京现代伊兰特交款之后厂家不发车,569374,用户评分
广汽本田,飞度,2016款 1.5L SE CVT 时尚型,"A9,",,2021-02-01,广汽本田飞度发动机冷启动VTC执行器异响,569367,处理反馈
一汽-大众奥迪,奥迪A6L,2019款 45 TFSI 臻选动感型,"K307,K325,N317,",,2021-02-01,一汽大众奥迪A6L经销商收取服务费 强制购买,569364,信息审核
SWM斯威汽车,SWM斯威X7,2016款 1.5T 舒适型,"A14,D337,G56,",,2021-02-01,SWM斯威X7发动机熄火底盘异响转向间隙大,569361,厂家受理
奇瑞汽车,艾瑞泽5,2019款 1.5L 手动 新青春版 国VI,"H109,",,2021-02-01,奇瑞艾瑞泽5车门漏水希望尽快得到处理,569357,处理反馈
东风日产,轩逸,2016款 1.6XV CVT 智享版,"J299,",,2021-02-01,东风日产轩逸上传错误维修记录导致车辆贬值,569351,处理反馈
一汽-大众,迈腾,2018款 330TSI DSG 豪华型,"B115,",,2021-02-01,一汽大众迈腾变速箱机电单元故障,569350,处理反馈
长城汽车,哈弗H6 Coupe,2018款 1.5T 自动 两驱 豪华型 红标,"H146,",,2021-02-01,哈弗H6 Coupe电瓶频繁亏电希望处理,569349,用户评分
江淮汽车,瑞风S3,2016款 1.5L 手动 豪华智能型,"D59,D156,",,2021-02-01,江淮瑞风S3行驶时打方向沉重有异响,569348,处理反馈
北京现代,悦动,2020款 1.6L 自动 悦目版GL,"A9,A174,G117,H268,",,2021-02-01,北京现代悦动发动机异响行驶跑偏车身共振,569346,用户评分
东风标致,标致408,2014款 1.8L 自动 豪华版,"A63,G52,",,2021-02-01,东风标致408发动机烧机油 减震器异响,569345,处理反馈
广汽丰田,雷凌,2017款 1.8H GS CVT 精英天窗版 国V 改款 双擎,"B20,H134,",,2021-02-01,丰田雷凌加装中控屏出现故障 无法换挡,569342,信息审核
广汽丰田,汉兰达,2018款 2.0T 四驱 豪华版 7座 国VI,"I294,Q323,",,2021-02-01,丰田汉兰达低压燃油泵设计缺陷厂家不回复,569339,信息审核
奇瑞汽车,瑞虎5x,2017款 1.5T 手动 精英型,"A24,A34,",,2021-02-01,奇瑞瑞虎5x高速行驶发动机抖动故障报警,569335,处理反馈
长城汽车,风骏7,2020款 2.0T 柴油 两驱 新冠军版 公务型 小双 4D20M,"A189,I297,",,2021-02-01,长城风骏7发动机涡轮增压器损坏不予索赔,569331,用户评分
奇瑞汽车,瑞虎7,2020款 1.5T 手动 精英型,"F39,H164,H89,J299,",,2021-02-01,奇瑞瑞虎7天窗异响 朝阳轮胎鼓包,569327,处理反馈
东风悦达起亚,起亚KX5,2016款 1.6T 自动 两驱DLX,"H176,",,2021-02-01,东风悦达起亚KX5中控台表面开裂,569326,处理反馈
一汽丰田,卡罗拉,2019款 1.2T S-CVT GL-i精英版,"H209,",,2021-02-01,一汽丰田卡罗拉后备箱缝隙不一致要求解决,569325,信息审核
吉利汽车,远景X6,2016款 1.8L 手动 豪华型,"G52,G25,",,2021-02-01,吉利远景X6减震器漏油行驶时异响,569320,处理反馈
一汽-大众,速腾,2020款 280TSI DSG 舒适型 国VI,"B33,",,2021-02-01,一汽大众速腾变速箱行驶异响希望厂家解决,569319,处理反馈
东风雪铁龙,雪铁龙C3-XR,2017款 230THP 自动 先锋型,"D265,",,2021-02-01,东风雪铁龙C3-XR方向机故障影响驾驶,569317,处理反馈
江铃汽车,驭胜S350,2016款 2.0T 自动 两驱 汽油 豪华版 7座,"A44,J306,",,2021-02-01,江铃驭胜S350经销商欺骗更换电脑模块,569316,信息审核
奇瑞汽车,瑞虎8,2018款 1.5TCI 自动 特供版 7座,"A12,G204,H93,",,2021-02-01,奇瑞瑞虎8悬架异响 中控台异响 发动机漏油,569313,处理反馈
一汽丰田,卡罗拉,2019款 1.2T S-CVT GL-i精英版,"B33,B19,",,2021-02-01,一汽丰田卡罗拉低速行驶变速箱顿挫异响,569312,信息审核
北京现代,北京现代ix35,2012款 2.0L 自动 两驱 精英版 GLS,"A9,",,2021-02-01,北京现代ix35启动后发动机敲缸异响,569311,处理反馈
东风标致,标致408,2014款 1.8L 自动 豪华版,"A63,H268,",,2021-02-01,东风标致408发动机烧机油 车身共振,569310,处理反馈
特斯拉中国,Model 3,2020款 长续航 后轮驱动版,"H170,J301,",,2021-02-01,特斯拉Model 3行车安全辅助系统故障报警,569309,信息审核
一汽-大众,宝来,2020款 1.5L 自动 舒适型,"H146,",,2021-02-01,一汽大众宝来电瓶亏电影响出行用车,569308,用户评分
长安福特,福睿斯,2019款 改款 1.5L 自动 质享型（胎压监测） 国VI,"I293,K307,K325,L313,",,2021-02-01,长安福特福睿斯4S店变相收费购车补贴不兑现,569304,处理反馈
长城汽车,哈弗H2,2018款 1.5T 双离合 两驱 时尚型 创享版 蓝标,"D156,D337,",,2021-02-01,哈弗H2转向沉重虚位大希望尽快处理,569299,处理反馈
广汽乘用车,传祺GS5,2019款 235T 自动 豪华版,"H118,",,2021-02-01,广汽传祺GS5驾驶员安全带无法收回,569298,处理反馈
长安福特,锐际,2020款 EcoBoost 245 两驱 聪慧嘉享款,"D156,D112,",,2021-02-01,长安福特锐际转向失去助力 转向沉重,569297,处理反馈
奇瑞汽车,瑞虎7,2016款 2.0L CVT 耀臻版,"B22,",,2021-02-01,奇瑞瑞虎7行驶时变速箱油管爆裂,569296,处理反馈
沃尔沃亚太,沃尔沃S60,2019款 S60L 改款 T5 智进进阶版,"B33,",,2021-02-01,亚太沃尔沃S60启动后变速箱异响,569291,信息审核
江淮汽车,瑞风S7,2017款 1.5T 手动 豪华智能型,"N318,",,2021-02-01,厂家一直告知4s店水箱框架一直缺货,569287,用户评分
东风本田,本田XR-V,2020款 1.5L CVT 经典版,"H203,",,2021-02-01,东风本田XR-V胎压故障报警要求解决,569286,处理反馈
江铃汽车,驭胜S350,2014款 2.4T  自动  两驱 柴油 豪华天窗版 5座,"H79,",,2021-02-01,江铃驭胜S350车身多处生锈存在质量问题,569281,信息审核
华晨宝马,宝马1系,2020款 120i M运动套装,"H31,H54,",,2021-02-01,宝马1系三元催化器故障导致加速异响,569277,信息审核
东风标致,标致408,2016款 1.6T 自动 豪华版,"A339,",,2021-02-01,东风标致408机油异常增多希望处理,569276,处理反馈
一汽丰田,卡罗拉,2019款 双擎 1.8L E-CVT GL-i精英版,"L310,",,2021-02-01,一汽丰田卡罗拉厂家未履行三包换车未兑现,569272,信息审核
